name,qrtr,date,industry,EV/EBITDA,ROIC,Operating Margins,Leverage,Net Income,Earnings Per Share,Free Cash Flow,Revenue,EV/EBITDA_avg_8,EV/EBITDA_avg_4,EV/EBITDA_stdev_8,EV/EBITDA_stdev_4,EV/EBITDA_grth_8,EV/EBITDA_grth_4,ROIC_avg_8,ROIC_avg_4,ROIC_stdev_8,ROIC_stdev_4,ROIC_grth_8,ROIC_grth_4,Operating Margins_avg_8,Operating Margins_avg_4,Operating Margins_stdev_8,Operating Margins_stdev_4,Operating Margins_grth_8,Operating Margins_grth_4,Leverage_avg_8,Leverage_avg_4,Leverage_stdev_8,Leverage_stdev_4,Leverage_grth_8,Leverage_grth_4,Net Income_avg_8,Net Income_avg_4,Net Income_stdev_8,Net Income_stdev_4,Net Income_grth_8,Net Income_grth_4,Earnings Per Share_avg_8,Earnings Per Share_avg_4,Earnings Per Share_stdev_8,Earnings Per Share_stdev_4,Earnings Per Share_grth_8,Earnings Per Share_grth_4,Free Cash Flow_avg_8,Free Cash Flow_avg_4,Free Cash Flow_stdev_8,Free Cash Flow_stdev_4,Free Cash Flow_grth_8,Free Cash Flow_grth_4,Revenue_avg_8,Revenue_avg_4,Revenue_stdev_8,Revenue_stdev_4,Revenue_grth_8,Revenue_grth_4,fwd_rtn_8,fwd_rtn_1,fwd_rtn_2,fwd_rtn_4
GENERAL ELECTRIC CO,1993-1,1993-04-14,CONGLOMERATES,96.72647136498173,0.006430531220983113,0.12748031496062992,9.119034604549467,1085.0,0.34,1610.2766481823783,12700.0,71.07881864539891,88.90079955406154,25.357139973121082,9.408139256142,0.647425969684762,0.22758993515879555,0.011440918806937832,0.007103502476882875,0.006124898399467651,0.0011350216060146904,-0.4692540236042665,-0.23260944248490645,0.15170005019996854,0.11394959917884387,0.052325373422018547,0.01404706439395501,-0.27542563874883985,0.052964893091182574,8.271565529028575,8.683002607345879,0.6443579444506284,0.3872758313899305,0.15588915254980384,0.09097589782850668,1103.25,1106.5,103.14448950033983,91.28161552762602,-0.023447705617017034,-0.05274175752415977,1.214999998375,1.142499998,0.37075213050346334,0.5438979669141385,-0.5353101564975762,-0.8499118489602674,-1723.1270492035533,-2134.110220219885,2184.875365487179,2669.533013661692,1.5676269957670788,2.8168938294274444,14401.75,14174.0,1655.6311485352044,1382.2127187954827,-0.07661355038067819,-0.12051235905201485,0.557503149157874,1.0782375822886312,1.059405150861685,1.1687794584564168
GENERAL ELECTRIC CO,1993-2,1993-07-14,CONGLOMERATES,136.95078182451329,0.003786171639393714,0.06597555952217493,9.550683778666105,656.0,1.549999997,-3928.2909632571996,14566.0,83.15053023766718,102.40390921278171,31.01060049709874,24.559134629571137,0.9354178101457593,0.581551314432559,0.009478594998170976,0.00608928501248815,0.0056781119108552615,0.0018446354473760475,-0.5778236069166204,-0.4431894757011996,0.13194377618263478,0.099783449013621,0.050935268769083275,0.025917969587789292,-0.49263137993244177,-0.3957372359845758,8.580783458604735,8.93503621315006,0.5794663135129526,0.5564792460978805,0.09938811103601708,0.10716840934774807,1043.875,988.0,187.28544867584958,238.90444393801747,-0.23234957026242298,-0.426949800663329,1.246249998375,1.17749999825,0.38902579701874707,0.5706940205939315,0.15748279360803097,0.2773874641488938,-2252.8116510255713,-2565.287274414466,2134.86996867138,2819.563975251876,(-1.525839028176677+2.3038513130843317j),-0.1917347163825116,14397.375,14319.5,1655.0755647401722,1386.172067241293,0.010991426055509512,0.05708271515640173,0.4969633902248299,0.9825340613828606,1.052502116562191,0.48956303252337013
GENERAL ELECTRIC CO,1993-3,1993-10-13,CONGLOMERATES,84.97557235796087,0.007211661592890641,0.13007021610198377,9.58930186662281,1206.0,1.399999999,213.8478701825561,14669.0,88.38210468225546,99.37096772785749,26.49466840602478,26.130133352909322,0.523583718523529,0.10525481874561238,0.008239647942383825,0.006423748494743502,0.004782485687954592,0.0019125789933810437,-0.4348035107418624,-0.16642921348912776,0.12116441463695028,0.1082350139180176,0.038018660816378336,0.029633365644878926,-0.21747308150796396,0.25933171254316356,8.76802938601232,9.120213521899469,0.6378008204014333,0.6357242494031443,0.12857472040412388,0.22769661847642197,1064.375,1040.5,195.8315146825381,263.0975737883824,-0.0260438502845175,-0.009864329813245254,1.271249998375,1.20499999825,0.39204363741671483,0.5804882989317413,-0.012042449894010043,-0.11165402174259742,-2150.5824705314403,-1656.0308662373927,2241.997317435597,3029.3261203724674,0.5822540140895547,1.5996328820688341,14444.75,14493.75,1656.9861409886842,1371.6608849614884,-0.09143134586806922,-0.11230959391603978,0.5421746273326269,1.0712118367487988,1.1032412458121146,0.5004233617907285
GENERAL ELECTRIC CO,1993-4,1994-01-20,CONGLOMERATES,81.84722083380599,0.00782887071243264,0.11334674714956405,9.739234820322181,1477.0,1.709999997,-4120.5649717514125,17892.0,93.52921209258233,100.12501159531547,18.777359978658843,25.372364053556968,-0.04587069048207448,-0.1996533648862402,0.006771468988842508,0.006314308791425027,0.0014419796696311157,0.001779899339426984,0.07208458122619255,0.2999790695697222,0.11036013713030571,0.10921820943358818,0.020923753692148443,0.029750530949956205,-0.021258709698541378,-0.14502271253230936,9.01543996462832,9.499563767540142,0.5713204733966756,0.26640247708590836,0.07998140493910788,0.09169494118971544,1091.125,1106.0,237.10542411099993,341.84889449384895,0.2761087667238651,0.5086934661540938,1.306249998,1.24999999825,0.41975970914662253,0.6197311231870372,0.21280829765894516,7.617003250779831,-2550.5332308892557,-1556.1828541609193,2276.4331691929806,2907.6007905349434,-0.012492011986540374,(-2.7500281431434024-3.0311376585997887j),14512.625,14956.75,1798.063636050102,2155.9297105116084,0.24007066659193743,0.5793324474427533,0.5538724223922935,1.0299001635012988,0.4651420883811994,0.5014358172902235
GENERAL ELECTRIC CO,1994-1,1994-04-20,CONGLOMERATES,108.2402361679576,0.005902901081304352,0.13691466603280247,10.63555818074424,1219.0,1.25,4218.334816462737,12621.0,95.95212617506049,103.00345279605943,19.330747461338426,25.51101508617631,0.164330340747884,-0.2692553905081644,0.006642951866694106,0.006182401256505337,0.001471245938940399,0.0017879481009635823,-0.14989053228009497,0.8078134366459515,0.11276319819023758,0.1115767972016313,0.02289678758801858,0.03197196553360464,0.06493757266667322,1.6470116485169402,9.280848634467358,9.878694661588835,0.7646602839491332,0.5110873255613702,0.13340324579733553,0.15425322258085106,1123.0,1139.5,234.7022429742478,345.6496299240991,0.04427392856676171,1.2845455504029575,1.309999998125,1.47749999825,0.4190124433713156,0.1975474612382216,-0.06651125380188283,-0.2493495414413811,-1519.1392661553573,-904.1683120908298,3193.4141491350783,3957.293846702125,1.1810215715699703,3.4693118884613225,14555.5,14937.0,1740.3291971020064,2183.6777845338506,-0.05691700266259403,-0.1739532728752924,0.555892988221255,0.451638037224773,0.45359377533275463,0.4769960193295638
GENERAL ELECTRIC CO,1994-2,1994-07-20,CONGLOMERATES,81.99577334995901,0.008007775819684383,0.15422750424448217,9.926584293511219,1554.0,0.879999995,-191.80597014925388,14725.0,95.83430494510128,89.26470067742088,19.424045347923673,12.732162432409348,-0.09213238712163418,-0.04647996266621768,0.006663543657033077,0.007237802301578004,0.0014914561157884508,0.0009530417426034922,0.19374020177541418,0.1498347320939093,0.11671161619791456,0.1336397833822081,0.027168401901582522,0.016922649879038167,0.30909256479668623,0.25500452575149635,9.453853001725086,9.972669790300113,0.7295186354404778,0.4629642683523678,0.06789593472217637,0.047169841754305164,1176.0,1364.0,280.00918352286743,177.81825927989885,0.28942249766797046,0.4021837902829404,1.243749998,1.30999999775,0.44220026117456906,0.34477045586882876,-0.19632271945305746,-0.46155727634386956,-1267.6671691141548,29.95293618615665,3210.978991155178,3408.437376004252,0.46206022897979726,(-1.4324935083560042-0.7491007304163132j),14648.125,14976.75,1725.2206018361826,2176.107285192223,0.03044947154483424,0.0050933351981099495,1.3993685843887027,1.0043303219542783,1.0780271874242437,1.015116251043948
GENERAL ELECTRIC CO,1994-3,1994-10-18,CONGLOMERATES,84.3261618428149,0.007794539815375979,0.14388588838111066,9.483293644887633,1457.0,0.790000021,-5106.885421518398,14442.0,94.23665788824593,89.10234804863438,19.825855047484687,12.808994121210167,0.039256823154379505,0.040585719933982745,0.006903635175971421,0.007383521857199338,0.0015007335010786445,0.0009914975637037573,-0.03304367180851664,-0.005842610462029607,0.12266435768500372,0.13709370145198985,0.027265120744358454,0.01735560326172271,0.16941544676647635,0.3745024613144756,9.533190628382894,9.946167734866318,0.6875996592714338,0.49420520445741845,0.08498352720941993,-0.034884815836963456,1233.625,1426.75,285.0643724294066,144.67521096119634,0.10936933362978607,-0.018013745763586386,1.18125000075,1.15750000325,0.46923760028749983,0.4186784701195737,-0.3145697903036052,-0.6428576727677524,-1478.1306264882373,-1300.230386739082,3420.770892809418,4247.669020161129,-0.07640494118332408,-0.3056664583787404,14706.875,14920.0,1706.8112656145,2189.7255535797176,-0.058205853864661816,-0.24844990354049068,1.3285629937349839,1.0733791102976582,1.0515929566706277,1.0834318873373427
GENERAL ELECTRIC CO,1994-4,1995-01-20,CONGLOMERATES,55.222794109518006,0.013655349810262412,0.13526928343222272,7.370447568878615,1685.0,0.449999988,-6590.07634789453,17528.0,91.28562648143892,82.44624136756238,23.804356376009846,21.680892284855318,-0.2740630950458095,-0.5923324022024643,0.0075772252115409045,0.008840141631656782,0.002824978278201183,0.003346626553067799,0.5377620213417602,2.0594951278139297,0.12589627247812135,0.1425743355226545,0.02700120824727897,0.008619979832501368,0.034469640355122566,-0.015991256619780736,9.426767344772784,9.353970922005427,0.9393574267837342,1.4049248181595575,-0.11454076890102327,-0.3867398222696169,1292.375,1478.75,326.14893070497715,196.76106491546204,0.2859974145068769,0.5397903709602658,1.046249999625,0.842500001,0.5083007402115827,0.3287729747814849,0.17371336165833906,-0.7439036911823622,-1736.8955424678904,-1917.6082307748613,3746.528326401467,4920.421317550652,(-1.4978281123381791+2.1811274721800484j),(-1.9063637670516669-1.5698680946730075j),14892.875,14829.0,1938.2314794309639,2026.5282299209814,0.20215156158206926,0.5494757976858002,1.223470807131196,0.9797032069862166,0.9416425326613418,1.104572915005233
GENERAL ELECTRIC CO,1995-1,1995-04-20,CONGLOMERATES,65.82306885295121,0.01086454031593756,0.1384131656408884,7.259063748671139,1372.0,0.800000012,6.406883545497294,14948.0,87.42270116743511,71.84194953881078,25.25835983086244,13.800711898701621,-0.3420707326139819,-0.2539254708575722,0.00813147634841021,0.010080551440315083,0.0029975584067228863,0.002763818003277084,0.8264438222861206,0.5019861656971305,0.12726287881315365,0.14294896042467597,0.027367027210945995,0.008319340072383304,0.5271527137734218,-0.13432655739329435,9.194270987787993,8.509847313987152,1.2158800234417733,1.3925315956574225,-0.14510636707360358,-0.34116848189663607,1328.25,1517.0,315.6968482579451,134.43461855737408,0.5244544105622659,-0.15302460148522945,1.103750001125,0.730000004,0.4381760068010017,0.19096248272021105,-0.3147297412284503,-0.11933697012280997,-1937.3792630475004,-2970.5902140041712,3581.087492461356,3378.7863047642973,0.4866866243325343,1.576111145215434,15173.875,15410.75,1726.260983207017,1426.6060832152184,0.014902793153862559,0.020243212785990172,1.3121998690695291,0.9611508117423052,1.0302768580416495,1.1654038308382193
GENERAL ELECTRIC CO,1995-2,1995-07-19,CONGLOMERATES,57.03214308767806,0.013416190222606181,0.1483267158252978,7.2587635436583815,1726.0,1.00999999,-2187.11684370258,17630.0,77.43287132533071,65.60104197324054,17.476820706494664,13.314321448439117,-0.20376145785597255,-0.40633267873417267,0.00933522867131177,0.011432655041045533,0.0029362723037113523,0.0027345578917335094,0.4257836785718192,1.0627739426454546,0.137556773351044,0.1414737633198799,0.012435633445263774,0.005792067396636011,0.07794140442915576,0.041361628795241634,8.907780958412028,7.842892126523942,1.3789797633011283,1.094864189082426,-0.14709555723044831,-0.2998282225649659,1462.0,1560.0,193.02997546643223,172.36975759492537,0.22734795945109276,0.2534537658996219,1.03625000025,0.7625000027500001,0.39949745133730213,0.2317146266459391,-0.17021110291471153,0.387583165379767,-1719.732498103173,-3469.4179323925027,3494.6692454871454,2952.1440207265005,(-1.8401960207621118+3.681139287802445j),0.8274180257808934,15556.875,16137.0,1902.9813029259415,1678.359913725301,0.11078396594989126,0.30466785504712157,0.5752832261519079,1.0719200831491131,1.1730278494147934,1.3785303731957685
GENERAL ELECTRIC CO,1995-3,1995-10-18,CONGLOMERATES,65.60875843863913,0.012202427173696006,0.14185761763162497,7.601718893683243,1610.0,0.949999988,-3470.0,17151.0,75.01201958541549,60.9216911221966,17.623474424613754,5.585639765277416,-0.11871010643980695,0.25832045558690697,0.009959074368912439,0.01253462688062554,0.002950779261991605,0.0012822791674427865,0.2886684675246458,-0.13928799743072928,0.13903019854224916,0.14096669563250847,0.012116079764537626,0.005595970587391268,0.13679474574968742,0.06546199591793167,8.659333086794582,7.372498438722845,1.4171708699509893,0.1616057737229923,-0.13202575418096552,0.04205488234597454,1512.5,1598.25,167.66889139866447,158.2958727615263,0.0505031534058511,-0.058902482580765136,0.979999998875,0.8024999945,0.37167574138910786,0.2510478046840219,-0.2852897766358933,1.708204550467233,-2180.2134818759923,-3060.196577012903,3445.85368530522,2756.466037483336,0.0873758967877134,0.6766695781563772,15867.125,16814.25,1939.522653902243,1261.107548942595,-0.023880079948714328,-0.028574626105274503,0.5285832956639417,1.0943239779299996,1.1311559817556414,1.226254284429526
GENERAL ELECTRIC CO,1995-4,1996-01-19,CONGLOMERATES,63.696096603406325,0.01351458036636549,0.13920294674374584,7.7015434496268025,1865.0,1.090000033,-6036.199563794984,19547.0,72.74312905661553,63.04001674566868,17.785448219342708,4.117798748002833,-0.2613924130096601,-0.04285091180667011,0.010669788075654045,0.012499434519651308,0.00304754306818834,0.0012425852794194262,0.6053289367188515,0.3377910285404213,0.14226222349152187,0.14195011146038924,0.006374256330219439,0.004499130954802466,0.009516459527527443,0.00761518339404077,8.40462166545766,7.455272408909892,1.3779261276165182,0.2303689583207659,-0.16843595309818138,0.08208874376148545,1561.0,1643.25,207.35339054722152,208.72849190595264,0.27505419960127475,0.5057965566743561,0.902500003375,0.9625000057499999,0.23849229187454196,0.12257651197653559,-0.07528175290005912,0.5104813131099479,-2419.667805881439,-2921.7273809880166,3659.8655540710965,2524.1607684444793,(-1.2730851227004822+1.1964640979556853j),(-4619.0541071974185-7998.704345768049j),16074.0,17319.0,2249.8006260873112,1889.4946414319359,0.28399586881060035,0.4299780299229232,0.5281905062476301,1.0336573122479802,1.1751898080540009,1.1076415060615528
GENERAL ELECTRIC CO,1996-1,1996-04-19,CONGLOMERATES,76.11103543264787,0.010833113150241972,0.13903490638473806,7.864883331625158,1517.0,0.899999976,-820.9158957106811,16931.0,68.72697896470181,65.61200839059285,10.931720986833573,7.905997427785053,-0.0416639885759269,0.4692778063348897,0.011286064584271248,0.012491577728227413,0.0023687766839730717,0.0012563910566933427,0.18848873654388276,-0.24809074695215982,0.14252725353551382,0.14210554664635167,0.006160650288995298,0.004344281013020164,-0.05753764888557933,-0.08264107511599694,8.058287309317773,7.6067273046483965,1.0450852826447359,0.25608494603399656,-0.12456429193502738,0.1128573889766673,1598.25,1679.5,158.04135986687606,150.34294130420622,-0.013675656288354321,-0.15810153205000588,0.858750000375,0.98749999675,0.1934969595063826,0.08180263120259203,0.012924427607209132,-0.14251176289867928,-3049.574144903116,-3128.5580758020615,2647.9367710848246,2219.7962094999907,(-1.3563668698638476+1.5613452731388457j),0.9099240037662462,16612.75,17814.75,1769.602356463169,1191.134018488264,0.08303919762031242,-0.05251197473823643,0.5287584307730913,1.1369240019191837,1.0840717851540553,1.1259615202446402
GENERAL ELECTRIC CO,1996-2,1996-07-17,CONGLOMERATES,69.50588728519737,0.013244779807657127,0.15173800328024972,8.263278263244128,1908.0,1.129999995,-2431.0372928176794,18901.0,67.1657432066066,68.73044443997267,9.573503636395213,5.4822141706257845,-0.10456542043083683,0.0799733278550927,0.011940690082767842,0.012448725124490148,0.002033253290587457,0.0012166367832573952,0.3538603345754574,0.11548745625726253,0.14221606591498476,0.14295836851008964,0.005514171692870223,0.0059941745855466985,0.030828407900803212,0.09392850019924248,7.850374055534387,7.857855984544833,0.7417245385161865,0.29123668814228254,-0.07567505445003464,0.11768844932611056,1642.5,1725.0,190.17360489826132,191.11776474205635,0.16660823887332565,0.25411296937368566,0.890000000375,1.017499998,0.21626703423578736,0.10996213123920098,0.22695698228338057,0.26029763806998085,-3329.4780602366695,-3189.5381880808363,2410.393070726409,2188.4419867381757,0.27220688552866723,0.41795644653836406,17134.75,18132.5,1749.0023074394646,1290.7810297128892,0.16620709920044807,0.13830972682583376,0.4679686764407441,0.9535129730079484,0.9425213684380896,0.41731632275773617
GENERAL ELECTRIC CO,1996-3,1996-10-10,CONGLOMERATES,72.52833499760128,0.012496403912543154,0.1399728110367051,8.306343544784825,1788.0,1.059999943,-3868.9367088607596,19861.0,65.6910148509549,70.46033857971321,7.15584312987565,5.255883398497299,0.16856008047376636,0.1890310204476473,0.012528423094913737,0.012522219309201936,0.001152243009963875,0.0012056284934483638,-0.04941743955492628,-0.09916900912855542,0.14172693124693408,0.14248716686135968,0.005518442971421158,0.006180727137411906,0.019723830327579295,0.007380811642067497,7.703255293021536,8.03401214732023,0.4173757102978736,0.29769522065373677,0.07069629981291903,0.10605356309320979,1683.875,1769.5,179.77242558301316,175.5002374167435,0.03448535813994891,-0.05466681331405365,0.923749990625,1.04499998675,0.21947583679644708,0.1008299019306016,0.631641585284737,-0.03652797811800568,-3174.7344711544647,-3289.272365296026,2317.9497519076676,2214.4202315451485,0.2183737839269655,0.5053753638370979,17812.125,18810.0,1600.1743152812178,1314.875406011282,0.07401590413794157,0.02147560195334708,0.514039240576957,0.9884725170175874,1.038641108148232,0.4310552080230631
GENERAL ELECTRIC CO,1996-4,1997-01-16,CONGLOMERATES,72.28282541227634,0.013731247538806605,0.1328343837535014,8.751871485943775,2067.0,1.220000029,-6114.707509881423,22848.0,67.8235187637997,72.60702078193071,6.046609129731096,2.708409233440845,0.054951679271991294,-0.06649498998966974,0.012537910310981762,0.012576386102312214,0.0011631085467698889,0.0012683128976382421,0.14317708099152893,0.37175206553655693,0.14142256878709392,0.14089502611379856,0.005973842785370029,0.007892076937191645,-0.023234424873554538,-0.05901606560621053,7.875933282654682,8.296594156399472,0.5304594799128883,0.36279318366204966,0.11278589517613513,0.1531298014541984,1731.625,1820.0,225.12532224138118,232.0818821019857,0.2638819001584396,0.5105665419105236,1.0199999957499999,1.07749998575,0.13437687562545123,0.13524671068705496,0.27269877806466525,0.5002252044220385,-3115.3133664028264,-3308.8993518176358,2221.9962632889233,2246.9909311220863,(-12.222072716595225+49.16711308649588j),(-5.793884420366657-8.303251381687918j),18477.125,19635.25,2380.4385812882706,2464.7391173644864,0.27436649115572886,0.49126253488098937,0.5095339508727116,1.0507536530019195,0.4427659008403139,0.47686052152895575
GENERAL ELECTRIC CO,1997-1,1997-04-11,CONGLOMERATES,81.31453231058904,0.01115998281481661,0.13066306630663066,8.865152310924369,1677.0,1.0,286.33741392501906,19998.0,69.75995169600442,73.90789500141601,7.596407425700425,5.124450706724714,0.22469431320274502,0.2327133584044303,0.012574840623341643,0.012658103518455874,0.001105657961938752,0.0011204670993162351,-0.09986981651159066,-0.20416131810739913,0.14045380637031168,0.13880206609427173,0.007061059863176837,0.009496765496093306,-0.06989193870241794,-0.1807597003883401,8.076694352936336,8.546661401224274,0.5663538802872325,0.30638010893186524,0.1210202517417065,0.0982766873034433,1769.75,1860.0,175.98518606486658,167.15860731652438,-0.01632252563407377,-0.15807593557914312,1.04499999425,1.10249999175,0.10239979108517033,0.09464849247787631,-0.005669763564179586,-0.15037214051198022,-3080.322050105386,-3032.0860244087107,2279.6355389506375,2681.7946717696154,0.5408226668408727,1.7196242001298812,19108.375,20402.0,1939.6590228697414,1702.1372839266912,0.07467393400814126,0.07812481586582187,0.4938790719036156,0.42137935906800517,0.41501843576322617,0.46960612886504927
GENERAL ELECTRIC CO,1997-2,1997-07-10,CONGLOMERATES,79.84893220512822,0.014065934644528847,0.15146386093321135,8.81971412307887,2162.0,0.649999976,-2191.1172707889127,21860.0,72.6120503356857,76.49365623139872,6.309318765356696,4.759327393139766,0.11878600430563324,0.13679426395075267,0.012656058676081976,0.012863392227673805,0.001196427895069322,0.0013210557844201612,0.08460081433204647,0.17087730459502004,0.1408459495088009,0.13873353050751214,0.007625318288463889,0.009372467725926202,0.038151600390165186,0.11093108301198851,8.271813175363896,8.68577036618296,0.5104331151297277,0.2571982911688477,0.08863312375384536,0.08324366737376088,1824.25,1923.5,221.99726510541907,228.47100472488845,0.1834771943572049,0.2882027844347781,0.9999999924999999,0.982499987,0.1740279260677131,0.24032964923205233,-0.19495026936362203,-0.4790332591923717,-3080.8221034911776,-2972.106018901519,2279.4120461054495,2702.322855567704,0.19636578202295163,0.6165777515513751,19637.125,21141.75,2052.356654990968,1457.8130595747407,0.14869867571528017,0.136402188986269,1.1569366333804476,0.9849045209076024,1.0770037182717425,1.121376401834186
GENERAL ELECTRIC CO,1997-3,1997-10-09,CONGLOMERATES,88.68886208471527,0.012859283100259074,0.1357883151426213,8.468482905982906,2014.0,0.600000024,-4526.700102354145,21806.0,75.49706329144522,80.53378800317722,7.759638279119808,6.724636448401175,0.20822115742281588,0.31354599197889765,0.01273816566690236,0.012954112024602785,0.0011833164122072091,0.0012997411655038908,-0.02800226535996364,-0.08376049136839703,0.14008728669767542,0.13768740653399117,0.007809975232318666,0.009421437074817478,-0.014091627444167365,0.02975962303185309,8.380158676901354,8.726305206482479,0.43417185704028727,0.17807275422515145,0.05574435692499358,-0.042939090951381265,1874.75,1980.0,212.02408892791942,211.07502615578818,0.04489979928918908,-0.03404108996601751,0.956249997,0.86750000725,0.2249404717634064,0.2947739348749601,-0.2890440092206842,-0.6118002640257176,-3212.9096162854457,-3136.5468672748657,2335.121954468636,2793.5604972011934,0.136035588040476,0.36047588770411476,20219.0,21628.0,1901.1180169273327,1187.5476130805591,0.06448736594927684,-0.06034068459365316,1.2971726871822193,1.0935107875017869,1.1315307668234915,1.192513698963252
GENERAL ELECTRIC CO,1997-4,1998-01-22,CONGLOMERATES,86.04469392080519,0.017965117931027102,0.13418556037948223,8.82780649282769,2350.0,0.699999988,-5842.4534928599,24876.0,78.29063795612007,83.97425513030943,6.876888056835977,4.1071746263698286,0.0726145740728592,0.07830404441512062,0.013294482862485062,0.014012579622657909,0.0022053170724048122,0.0028921046116492433,0.3351485734920643,0.886638656945097,0.13946011340214248,0.13802520069048638,0.008087658477543934,0.009211317431607037,-0.020082130575726276,0.03610535431132922,8.520941557301466,8.745288958203458,0.3587374278982557,0.18559549434062048,0.0682260249037483,-0.005612924458067714,1935.375,2050.75,270.19672066319174,284.58551731714437,0.28415795534075605,0.5681215850688086,0.9074999913749999,0.737499997,0.23389558154227874,0.1796988207158497,-0.13377296468626687,-0.37846721298664354,-3188.69135741856,-3068.4833630194844,2302.4336340462332,2698.511938416994,(-1.5656167333404594+2.478128826472462j),(-28.877868078973194-48.285883919484085j),20885.125,22135.0,2478.076237585461,2021.8569022889167,0.24590387406504877,0.33780242482954925,1.4401412245699676,1.0347687281700846,1.041200121048466,1.0685177905669256
GENERAL ELECTRIC CO,1998-1,1998-04-08,CONGLOMERATES,96.33383228959445,0.011132311784773615,0.13406652121643883,8.921743137763185,1891.0,0.569999993,314.2133961629079,22459.0,80.81848756323839,87.72908012506079,9.263809236017813,6.8287829405692575,0.20504742879376714,0.28433888870945156,0.013331882691801517,0.01400566186514716,0.0021596764526184394,0.0029012210132136236,-0.09451689071537817,-0.2679248114618433,0.13883906525610507,0.13887606441793843,0.008312606319888737,0.00842851016172695,-0.06830881614050555,-0.15013797657099615,8.653049033068719,8.759436664913164,0.26496852250239034,0.19942023158533123,0.04478529192950487,0.015454050150769838,1982.125,2104.25,213.97292051632542,197.77828495565433,-0.005101106852828607,-0.1635349768183143,0.8662499935,0.62999999525,0.2627294919358272,0.05715475121691182,-0.3236532983389504,-0.16063920617881056,-3046.8001959343615,-3061.514367460012,2496.034590426824,2710.0750725705757,0.5401328233089053,1.7635788080183792,21576.125,22750.25,1927.550735852552,1447.733026723735,0.1035784693656654,0.03670138014303603,1.4081800521570083,1.006215294976835,1.0538941882340114,1.0516878753205998
GENERAL ELECTRIC CO,1998-2,1998-07-09,CONGLOMERATES,94.10616358518577,0.013673351637427328,0.1467025032092426,8.961135309821554,2450.0,0.74000001,-2636.6948539638383,24928.0,83.89352210073694,91.29338797007517,9.052764697580614,4.748688587722121,0.1604715349273873,0.08226093260392231,0.013385454170522792,0.013907516113371779,0.0021625207368684823,0.0029051401014801017,0.052778730011395325,0.08528624863985845,0.1382096277472292,0.13768572498694626,0.00732878364959171,0.006062239460771846,0.02719671717634653,0.10857947356079989,8.740281163890897,8.794791961598834,0.2310159453838779,0.22461394263393122,0.04431224187726146,0.0783089911333612,2049.875,2176.25,266.5072700696925,266.34610941404793,0.1972107598399797,0.2986002760669413,0.817499995375,0.65250000375,0.24217762018668545,0.08057087820670861,-0.18564308087435866,0.3226368257557539,-3072.5073910776314,-3172.908763253744,2489.8380984614646,2671.252288372246,0.17116076513203482,0.5923572113222102,22329.5,23517.25,1910.360624145534,1621.181333678212,0.13865507325750914,0.19531371969675448,0.42654361215008557,1.0473843853250848,1.0262367137365977,1.0317112358420395
GENERAL ELECTRIC CO,1998-3,1998-10-08,CONGLOMERATES,80.65131654394307,0.012144325904797077,0.14630077571106848,9.002421633257097,2284.0,0.689999998,-4227.18575137006,23978.0,84.90889479402966,89.28400158488212,7.988960293709602,7.256485018723545,0.06460004608092218,-0.08268923640976955,0.013341444419554533,0.01372877681450628,0.002186646672975076,0.003011188765348446,-0.06777240892118885,-0.40672262309270313,0.1390006233315246,0.14031384012905804,0.007867927267649105,0.0071471024408564,0.05672869133831426,0.12215916160392726,8.827290924949931,8.928276643417382,0.16623079884775183,0.07464160888727042,0.01625994861816804,0.026460069858447177,2111.875,2243.75,254.296473488272,244.86782148743023,0.05870421390755376,-0.03727041861595837,0.77125000225,0.67499999725,0.22389012862020455,0.07325754138653635,-0.27795330433597343,-0.019002104105681372,-3117.288521391294,-3098.0301755077226,2509.353814268787,2624.4420442346013,0.16617312795381323,0.3846749712626327,22844.125,24060.25,1692.491522451864,1153.1413255393577,0.027968640498646558,-0.04784012269150162,0.47899791859343577,0.9798090635254952,0.9979065138245914,1.0877633425175373
GENERAL ELECTRIC CO,1998-4,1999-01-20,CONGLOMERATES,94.77756318166573,0.013446764142676444,0.13354419258478298,9.154706790123457,2671.0,0.800000012,-8266.504448638447,28455.0,87.72073701520334,91.46721890009725,6.776911858017416,7.270719312744903,0.09149400387590778,-0.021481739516758358,0.013305883995038263,0.012599188367418615,0.0021817095239741436,0.0011875518506650738,0.11239640850688803,0.2864015901409822,0.1390893494354348,0.14015349818038322,0.007792094013544398,0.007335136829510309,0.012541106422214288,-0.00519134495178275,8.87764533797239,9.010001717741323,0.1980826923641328,0.1019387371850456,0.018535418568865758,0.03496651311637744,2187.375,2324.0,320.19455581166363,329.32962211134304,0.30469513536430193,0.5848073580318582,0.718750000125,0.70000000325,0.1353764606160495,0.09763879874312303,-0.11971590834231294,0.5714003934793319,-3386.263138735922,-3704.042914452359,2952.7014572844073,3576.5602347681306,(-2.520233125662786+6.660576516917908j),(-40.1230718310128-67.76314815948083j),23545.0,24955.0,2607.784774204234,2545.274968773839,0.22328280725281746,0.3709582617255638,0.42114085924989186,1.0184703846624759,1.0053345607618231,1.3477933987471271
GENERAL ELECTRIC CO,1999-1,1999-04-08,CONGLOMERATES,110.23642763210341,0.010704152017744595,0.14042889202892528,9.324775088289124,2155.0,0.649999976,1005.2537901758642,24062.0,91.33597393039264,94.94286773572449,9.876690466044062,12.095023896938773,0.2023530525281747,0.23483637991142747,0.01324890514540426,0.012492148425661362,0.0022506234000175917,0.0013692387003248797,-0.14450152102986014,-0.27849992479879915,0.14031007765072162,0.14174409088350484,0.007009053449438783,0.0061729871090703435,-0.04230523800291752,-0.056608570132591685,8.935098185142985,9.110759705372807,0.25298773877939673,0.1651852777910565,0.03233189827976202,0.05446889646661002,2247.125,2390.0,247.75473903496925,222.87664749811722,-0.0018514243734214508,-0.15723157992425785,0.674999997125,0.719999999,0.07425824043739149,0.0648074219000695,0.0,-0.1587814904576923,-3296.398591704566,-3531.28281594912,3088.2714141907554,3842.180665831034,0.6721259358863514,2.1798595425372453,24053.0,25355.75,2178.6417131519615,2110.3163072550683,0.0563748111011817,-0.046049773876163824,0.4078604813156564,0.9871023997374201,1.090045337361873,1.3389714621628914
GENERAL ELECTRIC CO,1999-2,1999-07-08,CONGLOMERATES,93.67232740071283,0.013619324059036474,0.15522881823194265,9.300017671858827,2820.0,0.850000024,-1265.5627376425855,27205.0,93.06389832984071,94.83440868960626,8.721596675846582,12.106967066544554,0.031732206170042465,0.22086169095608543,0.013193078822217714,0.012478641531063647,0.002232931454491404,0.001353883056444654,0.03335784441847145,0.16513483508879667,0.14078069731306303,0.14387566963917986,0.00793075287260199,0.009190480880587703,0.07945784417457302,0.0821836374322309,8.99513612874048,9.195480295882126,0.27749797539652576,0.14897352371711337,0.054981058053505505,0.044317524161828326,2329.375,2482.5,315.4352718297142,314.16396992653375,0.21209577759714437,0.32455707986648896,0.700000003125,0.7475000025,0.09531902063222225,0.09322912829869083,0.2202214882362563,0.3205650467216752,-3180.7042750612754,-3188.499786868807,3152.2669475996504,4006.2557680901964,0.3634796505231812,1.0298976071507489,24721.125,25925.0,2229.031976794283,2258.382754686784,0.134746099406311,0.18335313545899812,0.4741759740462397,1.1042880025940944,1.3406416643289325,0.41343313645504554
GENERAL ELECTRIC CO,1999-3,1999-10-07,CONGLOMERATES,100.91978600971343,0.01279380380315055,0.14801563883151372,9.512020613914393,2653.0,0.800000012,-6966.689258312021,27112.0,94.59276382046548,99.90152605604885,8.91498202560639,7.591770881370361,0.09539991047190677,0.08732918085480113,0.013184893910079149,0.012641011005652016,0.0022344492826696103,0.0013392912212873784,-0.17632845075506975,-0.06421546135888823,0.1423091127741746,0.14430438541929116,0.008009012390957105,0.009379371567833335,0.05765468373346172,0.1470353337910606,9.125578342231917,9.32288004104645,0.23686055871769043,0.1467227291637127,0.04357989037733545,0.05237645958627013,2409.25,2574.75,304.8951810517369,289.66920789065585,0.07175814571777939,-0.008975291396990603,0.725000001625,0.775000006,0.09149552402011002,0.08660256116305354,0.07929027387411192,0.0,-3485.70291955601,-3873.375663604297,3408.713467061098,4452.335833440074,-0.11496274811836404,0.21496559170466023,25384.375,26708.5,2017.0420306903445,1867.578557026897,0.050414179926586256,-0.06242945596746907,0.36700993759932804,1.214032626615174,1.2283630930466336,0.4403512233505085
GENERAL ELECTRIC CO,1999-4,2000-01-20,CONGLOMERATES,114.49254123367893,0.01301144359312799,0.13370104458755738,9.521347839368376,3089.0,0.930000007,-15184.213875386655,32453.0,98.1487447345747,104.83027056905215,10.543176341746113,9.351962250843457,0.10371311787197479,0.05180706925229095,0.01256568461784176,0.012532180868264903,0.0011377626741621819,0.0012677682641919698,0.09322270070128447,0.29727172816630865,0.142248548300184,0.14434359841998476,0.008080729690368247,0.00931952733677803,-0.0015586735826780274,-0.06336343495913888,9.212271010549502,9.414540303357679,0.23921327620175678,0.11843913719239307,0.037868003687707485,0.028205890982197168,2501.625,2679.25,385.637111988534,392.9515449348261,0.3236906541205058,0.6161965613072049,0.753750004,0.80750000475,0.1155035663271309,0.11786293046727518,0.322788296224767,0.6122268450883455,-4653.422967371855,-5602.803020291349,5368.261449642425,7214.376566370643,(-3.040574093429506+8.940339253430018j),(-19.66918940577102-32.33598458692199j),26331.5,27708.0,3185.0063467081864,3484.0860111847605,0.2341021402792649,0.4901529140706744,0.3168932325308374,1.0118040208453163,0.3083845202304617,0.31246692530277503
GENERAL ELECTRIC CO,2000-1,2000-04-13,CONGLOMERATES,79.28755748396705,0.02007998854341359,0.22783625730994153,9.475414625376422,2592.0,0.779999971,3274.6488921353784,29925.0,96.01796038387128,97.09305303201806,12.502791193158226,14.675638663202477,-0.09326940756893332,-0.1993212463764008,0.013684144212671756,0.014876139999682151,0.002763644545165597,0.0034867770552358987,0.24556054993824095,0.6780718139202784,0.15396976531187184,0.16619543974023882,0.030743878105499643,0.04205650189680181,0.28602304357438557,0.6680176771247457,9.281479946501156,9.452200187629504,0.22267209819828934,0.10337360941120981,0.0324016234005815,0.0252251832634931,2589.25,2788.5,296.38090838841634,222.30984383662965,0.032719163234437465,-0.10632175658033471,0.78000000125,0.8400000034999999,0.08847922453483674,0.06683313614268888,0.030539142332489444,-0.10826831535595627,-4283.368530375295,-5035.454244801471,5840.85374166299,7958.15905929424,0.958346280407538,6.622579557125202,27264.75,29173.75,2975.1158320787636,2545.888630059584,0.11004602151486687,0.13548283073928613,0.30372866825027633,0.3047868103675062,0.3584862048063756,0.30460729958861404
GENERAL ELECTRIC CO,2000-2,2000-07-13,CONGLOMERATES,73.14262648644224,0.023693688924666854,0.24062700522504354,9.233315187806205,3378.0,0.340000004,2560.5070056044824,32727.0,93.39751824652834,91.96062780345042,14.923283396358029,19.171832841277453,-0.054311622553857464,-0.348983033262101,0.014936686373576697,0.017394731216089747,0.004489735788394906,0.005393490476896955,0.465083709372589,1.2742803264099511,0.16571032806384695,0.18754498648851403,0.043045225233462985,0.054475764101027765,0.3288758875801221,0.9115354187211127,9.315502431249238,9.43552456661635,0.1842044536438051,0.13625604459345353,0.014576384465666337,-0.03887508074520474,2705.25,2928.0,398.2066046664721,372.8011087251038,0.2506103716814978,0.38005541980261404,0.7300000005,0.7124999985,0.1800000039285723,0.25708299454326744,-0.3326404120028491,-0.6804648996848295,-3633.718297929255,-4078.9368089897034,6319.581154517717,8752.594467945935,0.7285158234876132,2.1554554159085937,28239.625,30554.25,3353.7169970688597,2618.5959819465597,0.1945274590561923,0.28526551222804875,0.9423972792657413,1.176186739754649,1.0132380350001435,1.1469230021377324
GENERAL ELECTRIC CO,2000-3,2000-10-11,CONGLOMERATES,86.48824874741526,0.021022232895357592,0.2225358366104275,9.030076447795581,3180.0,0.319999993,-1047.5840517241377,31532.0,94.12713477196236,88.35274348787587,14.342466097327904,18.260071406500224,-0.05095543023711446,-0.31202412172302874,0.016046424747396763,0.019451838489141508,0.004788207800146466,0.004558241350042811,0.2908983088447188,0.8958522124947172,0.1752397106762668,0.2061750359332425,0.046439168417323935,0.048909105900594094,0.33883958337300313,0.9725145301530753,9.318959283066548,9.315038525086646,0.1776319519836634,0.22815646389692407,-0.007802156470864241,-0.06819723624625873,2817.25,3059.75,388.6907511119862,334.3594622558183,0.10480990992153538,0.039470771914425384,0.683749999875,0.59249999375,0.2318212104764921,0.3093406944050528,-0.40761275329341107,-0.7588858548618033,-3236.268085473515,-2599.1605073427327,6376.652672386764,8600.673684460304,0.431436629392963,1.404614900994575,29183.875,31659.25,3030.26035833321,1264.112963042992,0.06042918814516751,-0.037659217679580914,0.759684327889764,0.86146017528773,0.849704383333628,0.8334482071080733
GENERAL ELECTRIC CO,2000-4,2001-01-17,CONGLOMERATES,67.26382497645884,0.023915337052153214,0.23314731154220922,8.654955240434129,3585.0,0.360000014,-5200.254970760234,33867.0,90.6879174963115,76.54556442357085,17.181938060362633,8.248356831816192,-0.24594387185463107,-0.19690172282260998,0.017354996361081357,0.022177811853897812,0.0053712356361956684,0.0019194706283840947,0.5830679790736926,0.26245932271388406,0.1876901005459451,0.23103660267190546,0.04701192992805758,0.007723042300679096,0.3360222210044286,0.031201253156051045,9.256490339355382,9.098440375353084,0.2936410122011838,0.3472047866893993,-0.041701441871392686,-0.11375158580180933,2931.5,3183.75,466.1682712742869,427.7525569765773,0.3375488394113231,0.5410103315316175,0.628750000125,0.44999999549999997,0.25164813974008077,0.22060521244975226,-0.2865472044193176,-0.6433212454666091,-2852.9869007387383,-103.17078118612767,6118.013519967067,3889.1742379110997,(-1.5691508633573836+2.493612861783294j),(-1.9263672629546449-1.6045151659059613j),29860.375,32012.75,3422.9587843393197,1687.0306013822037,0.2156980422534871,0.1793881456197015,0.8074010166794731,0.9863536443223558,1.1319383624772532,1.014165682411901
GENERAL ELECTRIC CO,2001-1,2001-04-12,CONGLOMERATES,66.27636592741715,0.021480714065519872,0.24883354143392258,8.599744747692911,3017.0,0.25999999,2896.4133011413523,30434.0,85.19290978322572,73.29276653443337,17.06605524721774,9.304502613515353,-0.1793813972843361,-0.12316573214459925,0.018702066617053266,0.022527993234424382,0.004784233566294263,0.0014885873803898938,0.29742363757250967,-0.12255202541829369,0.20124068172156978,0.23628592370290072,0.04706652346941507,0.01118337278957148,0.309503341795879,0.04572961183937907,9.165861546780855,8.879522905932207,0.37119857011900603,0.30361258312540707,-0.0437477945115714,-0.09042775399057124,3039.25,3290.0,344.8949115310343,245.89835298350414,0.039340449396161326,-0.13988955848335305,0.580000001875,0.32000000024999997,0.2827922037468506,0.04320494755619375,-0.49180418784043023,-0.30070694971766554,-2616.5919618680523,-197.7296789346342,6321.540803688144,3782.8165053477937,1.2978691201926993,0.1786352340828099,30656.875,32140.0,2497.1161330909017,1484.0482921163089,0.06618964578521758,-0.09231090104681527,0.8940089597307472,1.1475989053144493,0.980868433134619,0.9971155276333682
GENERAL ELECTRIC CO,2001-2,2001-07-12,CONGLOMERATES,68.9697338209193,0.023754399584331568,0.25605732063731496,8.523550689965358,3897.0,0.389999986,-2136.792031445417,31821.0,82.10508558575152,72.24954336805263,17.540831308218976,9.557442443167007,-0.19548767419485202,-0.26050496583881233,0.019968951057715154,0.02254317089934056,0.0045837299647969116,0.0015046574154893976,0.4241909186358581,0.1769380926577786,0.2138442445222413,0.24014350255596856,0.04648160523805755,0.015140926549998112,0.3677820821326314,0.20572884510154799,9.068803174044172,8.702081781471994,0.42823915186819567,0.22520185843236057,-0.06077390196373833,-0.07408277878128067,3173.875,3419.75,443.2575637901094,397.8118273757079,0.24573211428135733,0.31140765497704215,0.522499997125,0.33249999575,0.2663375954404489,0.05619905332832712,-0.33671561964153685,0.3018256677401441,-2725.4956235934064,-1372.054438197109,6302.4167119456615,3344.8986420874257,0.35114764718154734,(-1.0067791552882404-0.011741841391631706j),31233.875,31913.5,2084.8239691021536,1432.8504225261383,0.09583244065163865,0.01223901923388837,0.7654887118084118,0.8547136360903507,0.8959548647087056,0.8216744084033726
GENERAL ELECTRIC CO,2001-3,2001-10-11,CONGLOMERATES,63.7354631631308,0.021113595072389815,0.240680382970055,8.584379722745677,3281.0,0.330000013,-12986.765852565539,29454.0,77.4570452299287,66.56134697198152,16.75189193406917,2.187893664219579,-0.2844650866778604,-0.06932199918856974,0.021008924966370062,0.022566011443598617,0.0035506371396336438,0.001474260230890496,0.3186673702130973,-0.15306988400617783,0.22542733753955896,0.24467963914587543,0.03861385026750413,0.009927993591480076,0.3992299162460866,0.04331081492668032,8.952848062648082,8.590657600209518,0.4165129181055042,0.05403551898460614,-0.05747754059564425,-0.010857660936329117,3252.375,3445.0,390.27606987142536,380.34370421151095,0.03505816466415146,-0.11143454064708902,0.46374999725,0.33500000075,0.24755590680692757,0.05567764521481567,-0.4468093130387185,-0.1095382839036122,-3478.005197875096,-4356.84988840746,7179.524187047605,6651.4475984929195,0.08029477977200994,(-1.197014934658109-0.3412398766777069j),31526.625,31394.0,1507.9748896639967,1913.3964565661765,-0.05390048752267085,-0.16984968002946033,0.9010094930486333,1.0482515159194152,1.0165639895728191,0.9114955451470013
GENERAL ELECTRIC CO,2001-4,2002-01-17,CONGLOMERATES,62.88341863069961,0.021828486219447496,0.23747424197821607,9.029311980154677,3933.0,0.389999986,-15928.528437327444,33970.0,71.00590490455627,65.46624538554171,8.213282966581033,2.74452956844064,-0.12405887458552423,-0.06766939148990014,0.02211105529466,0.02204429873542219,0.0014756892302204589,0.0011768399698660092,0.04886620010736964,0.021644668660498745,0.2383989872133913,0.24576137175487717,0.010839817823464196,0.008365360261087178,0.02395789394496206,-0.06039903810390668,8.891343580246371,8.684246785139656,0.3518874414896146,0.23238419933296933,-0.027180540745306958,0.06714998847967624,3357.875,3532.0,449.40037430844603,455.43093146308513,0.2690519464384078,0.42407058189224345,0.396249994625,0.34249999375,0.16061821578669155,0.06184658078665439,-0.32704990319081817,0.7170713697003275,-3571.0445181176947,-7038.918255049262,7355.560867035201,8890.888873442775,(-1.5494757606583647+2.407410604515745j),(-5.853520112742142-8.406543430826806j),31716.25,31419.75,1721.3851357887013,1957.945585726699,0.07513660921439702,0.1578403510790023,0.8144819503453475,0.9697710655645433,0.9170935286684524,0.7961233856378399
GENERAL ELECTRIC CO,2002-1,2002-04-11,CONGLOMERATES,69.5137411595408,0.01848801079639494,0.2419665914811546,9.076072574359719,3518.0,0.25,1022.6785362974615,30591.0,69.784177864003,66.27558919357263,7.501485254142636,3.4497876652491186,-0.028659511162647533,0.010530633525904332,0.02191205807628267,0.021296122918140953,0.0018488618535402997,0.0021790934624966334,-0.13217359656525607,-0.2840849297705307,0.24016527898479292,0.24404463426668516,0.009990780016349404,0.008228226566092726,0.0031773952447471387,-0.0726914161016664,8.841425823869283,8.803328741806357,0.27770100998833497,0.28963888634520335,-0.00976718594200865,0.08735131051837697,3473.625,3657.25,326.36873865526485,313.3011064987376,0.02347637626740484,-0.12752316324369695,0.32999999825,0.33999999625,0.052915025006407206,0.06633248811856955,-0.16113504876645812,-0.44728588405100134,-3852.5408125974345,-7507.351946260234,7094.613465798781,8216.741529387713,-0.40811668335540396,2.3543600183926423,31799.5,31459.0,1636.3868735723836,1933.0126745575158,-0.03783404215978692,-0.051203368976913355,0.833197534180934,0.945680440707493,0.8966435507223015,0.8965951637045085
GENERAL ELECTRIC CO,2002-2,2002-07-12,CONGLOMERATES,57.438257183899616,0.0206650643693538,0.24225470733321303,9.210209954535392,4426.0,0.439999998,-466.6110233456202,33246.0,67.82113170118517,63.392720034317705,8.48713434320986,4.942987902895457,-0.2085468191859432,-0.12951730144295215,0.021533480006868538,0.020523789114396514,0.0017387288075081382,0.0014392657458719912,-0.009744228122806065,-0.028224156849916193,0.24036874174831413,0.24059398094065967,0.01001806325935261,0.002189543967075746,0.04971128546884884,0.008731015901176864,8.83853766971043,8.974993557948867,0.2731254778690815,0.27146109606154634,0.011350685968045893,0.09836701087560695,3604.625,3789.5,463.8660328463073,502.66257734852974,0.20794779529557306,0.49052834371268816,0.3424999975,0.35249999925,0.06584614001052634,0.08180260390109916,0.19958248914559862,0.4675231357548413,-4230.930566216197,-7089.806694235285,6777.343446868744,8613.48297491262,0.28674881010588193,1.4596653793657937,31864.375,31815.25,1687.8883627183404,2141.983718425516,0.030708678860091432,0.17524070242674483,0.881056114005692,0.9481464479179611,0.8680939955968814,0.9316204861434867
GENERAL ELECTRIC CO,2002-3,2002-10-11,CONGLOMERATES,54.65983288541114,0.01893620690376645,0.2375550182877689,8.92291753670211,4087.0,0.409999996,-6395.710545998504,32262.0,63.842579718434656,61.12381246488779,5.376505319877568,6.553713122936133,-0.11180830429965194,-0.1704494144612262,0.021272726757919646,0.019979442072240672,0.001967694843166953,0.00154938149594505,-0.12488210959203772,-0.17264385850084785,0.2422461394579818,0.23981263977008815,0.007213466543824925,0.002656323332913017,0.010759621656035057,0.0004535559328935346,8.825142805823747,9.059628011437974,0.2648935543742962,0.11909962341384109,0.017576075240407052,-0.015680035401797632,3718.0,3991.0,456.0310139829151,376.6227112996064,0.077762652798683,0.05254560399097152,0.353749997875,0.372499995,0.06906259956166148,0.08421203187985296,0.07714717921201508,0.06895399505528776,-4899.4463780004935,-5442.042867593527,6681.573377392863,7690.327399007024,-0.13865937565008812,0.8689927300731339,31955.625,32517.25,1687.0849701270447,1462.549229940654,-0.02736212628537149,-0.06647134498936869,0.9292405365652183,0.9155695277909154,0.9999460353919303,0.9884957725200109
GENERAL ELECTRIC CO,2002-4,2003-01-17,CONGLOMERATES,72.89255412367093,0.01670712118201677,0.1510057553136931,9.029667535240009,3102.0,0.310000002,-10581.296859825186,35098.0,64.54617086183617,63.62609633813062,6.194288380966048,8.929629240837981,0.05587860280523094,0.06532799758405461,0.02037169977415259,0.01869910081288299,0.002219051569428964,0.0016262199368015221,-0.1337759578605887,-0.12632766855033895,0.23197844492941727,0.2181955181039574,0.03330133699365192,0.04484478039880898,-0.2482934558729213,-0.4666846002889321,8.871981842674481,9.059716900209308,0.2636273236944399,0.11906958423311503,0.028268186909875537,-0.0068113822978483896,3657.625,3783.25,505.4497113603743,588.7418081524928,0.016003334548773784,-0.15447209643694204,0.347499996375,0.352499999,0.07066015031220171,0.08808139989048012,0.10573356885766261,0.3321779794859139,-5572.076614133612,-4105.234973217963,6980.354546810488,5376.51489096566,(-1.4665534107218647+2.044104051467241j),(-12.272917995625885-19.52526671798152j),32109.5,32799.25,1925.5995726748888,1884.0419979395365,0.08488764139330995,0.20111593158812058,1.0149316991875956,1.092157400437516,1.073179276517085,1.0230599490464647
GENERAL ELECTRIC CO,2003-1,2003-04-11,CONGLOMERATES,63.93386251520029,0.015239836255386342,0.22565047202394659,8.795231923807227,3214.0,0.300000012,6236.077795786062,30401.0,64.25335793530905,62.231126677045495,6.156064270211995,8.100646727098692,-0.04239980791208253,0.15355839793573955,0.0195915900478859,0.017887057177630842,0.002795579931431451,0.002395695213643957,-0.22402222666262472,-0.3337180453738883,0.22908056125317028,0.2141164882396554,0.03262693988422342,0.042650210851224814,-0.0696892736748399,-0.09032687950412233,8.896417739688772,8.989506737571185,0.24304501941792978,0.17559387288394432,0.01809126889854329,-0.05961934299379035,3682.25,3707.25,473.5741758162073,650.7520649218103,-0.10426350993046907,-0.3473014962545645,0.352499999125,0.365000002,0.0647522697616525,0.07047457593581805,-0.13922522442235452,-0.3998983833049381,-5154.6185523030235,-2801.885158345812,7628.896816433627,7316.035059691651,1.4850173286900468,37.19697758269815,32105.375,32751.75,1929.7324712804846,1959.1709768845255,-0.025748948225652768,-0.11243951573805333,0.9292906853728373,0.9826232703154064,0.9885491191857855,0.9292906853728373
GENERAL ELECTRIC CO,2003-2,2003-07-11,CONGLOMERATES,62.23252721514382,0.01571849797159771,0.229255079006772,8.543477656736327,3794.0,0.379999995,4310.4356552538375,33225.0,63.411207109587124,63.429694184856544,5.873009721136537,7.486511868950747,-0.013543631606219408,0.18886402138341207,0.018587102346294165,0.01665041557819182,0.0025158572729403203,0.001641773630456184,-0.15516718497407345,-0.21988719926794142,0.22573028104935242,0.21086658115804513,0.03078522450203445,0.040217290765136415,-0.02740856384745094,-0.046311946637271006,8.898908610535143,8.822823663121419,0.23874176130332078,0.20944264634427656,-0.0027254767203089836,-0.0562932136221006,3669.375,3549.25,468.27218504382074,469.5752513353602,0.08655585143678102,-0.09442675032785564,0.35125000024999997,0.35000000124999997,0.06401729214494711,0.05354125468583449,0.08395491609380379,-0.09635125198132988,-4348.715091465617,-1607.6234886959478,8303.911277972038,8164.958977473894,0.62226203663249,2.711413004289872,32280.875,32746.5,1963.7195346368294,1957.432416883573,0.0712665562465511,0.03999584372284137,0.9457242805521487,1.0060306417010427,0.9532982712513064,0.9457242805521487
GENERAL ELECTRIC CO,2003-3,2003-10-10,CONGLOMERATES,63.39393735418806,0.0167273091184515,0.2266481860913583,8.649618520715773,4021.0,0.360000014,2244.336540311717,33188.0,63.368516383469284,65.61322030205078,5.87155708921492,4.90453008327924,0.004631100474127292,-0.16985731670300563,0.018038816602051876,0.01609819113186308,0.0023597061566840286,0.0007410634783770656,-0.14109671255389478,0.0016114486577631926,0.22397625643951533,0.2081398731089425,0.03020604129984612,0.03811971519728504,-0.026310646261166637,0.7184820371830758,8.907063460281405,8.754498909124834,0.22730360916136585,0.210481049119771,-0.024250237480674786,-0.05572115912548048,3761.875,3532.75,453.44819754536775,444.8920280997027,0.01272492985147955,0.41337164032839047,0.355000000375,0.33750000575,0.06347102446898853,0.038622097280357676,-0.044708402455083895,0.22064046040661944,-2444.82729235596,552.3882828816074,7769.341730179613,7599.31751968216,0.5449423152902957,1.882310407449685,32747.625,32978.0,1607.2234209965957,1935.6685322303163,-0.013220075423206912,-0.07189249962703537,0.9400551447946702,0.9475837332741933,0.9400551447946702,0.9400551447946702
GENERAL ELECTRIC CO,2003-4,2004-01-16,CONGLOMERATES,61.12685976347415,0.018236251163223135,0.21824263686056947,8.177355392775954,4560.0,0.449999988,-704.8679413867048,36771.0,63.1489465250661,62.67179671200158,5.92489054454465,1.250877700456233,-0.0708362848131816,-0.058107098835048165,0.01758978722002383,0.016480473627164673,0.0018143026023707564,0.0013245716922608204,-0.007804256981172819,0.2703996116873433,0.2215723057998095,0.22494909349566158,0.02974001985661751,0.004722178851227986,-0.0572620983400014,-0.04353047177384717,8.800568886859065,8.54142087350882,0.3356164743505733,0.26373893956789823,-0.05784402350929596,-0.09255404478998996,3840.25,3897.25,534.2398471526757,557.3875820886815,0.1597978251487724,0.5942580808508091,0.362500000625,0.37250000225,0.07126409159397432,0.061846573537533166,0.3991684263860309,0.7170712112014401,-541.8697303633672,3021.4955124912276,5539.287970699252,2971.2324382391735,(-1.179891268407688+0.7881551439240255j),(-1.0273253027985172-0.04732881277923574j),33097.75,33396.25,2131.224178729211,2609.7991461668717,0.11087160713461186,0.28871463917386464,0.9920549623055374,0.9920549623055374,0.9920549623055374,0.9920549623055374
GENERAL ELECTRIC CO,2004-1,2004-04-08,CONGLOMERATES,70.17097136371697,0.013592084559805298,0.20473910818053173,7.655643687995745,3240.0,0.319999993,4150.812631088324,33213.0,63.231100300588125,64.23107392413075,6.029386653321664,4.066674060079146,0.12121597488208313,0.17359991026087052,0.016977796440450128,0.01606853570326941,0.002243097882804324,0.0019483590880047103,-0.2129031497450633,-0.17617803739442817,0.21691887038723165,0.21972125253480787,0.028996244663328136,0.011038224637728364,-0.09166739370249744,-0.139978869946094,8.623015276063567,8.25652381455595,0.5030220211740472,0.4487725931378836,-0.10025126093264702,-0.13610154190716905,3805.5,3903.75,566.276055849593,546.8152491167988,-0.1632598108438329,-0.1897912827935493,0.37124999975,0.37749999749999996,0.05866064132546089,0.05439055846376401,-0.1663766276613049,-0.20477778489124776,-150.85296851450937,2500.1792213167937,5771.064300935541,2333.7667551722807,2.914860500043915,-0.04906838964624116,33425.5,34099.25,1877.1156445081222,1781.2333507993835,-0.0005673210512807669,-0.000481536096087698,1,1,1,1
GENERAL ELECTRIC CO,1983-4,1984-01-17,CONGLOMERATES,26.947373051899387,0.046056204981618824,0.09437264404954228,2.066371248447205,579.0,1.27,765.6171224732461,7428.0,23.58818181069303,27.106083709927834,4.08875180913182,1.1508673252876995,0.17789766906109916,-0.08379469108180926,0.0416997753248414,0.04176821339807124,0.00528005480523235,0.004299541971169955,0.18725445611324676,0.399331266901888,0.09275800732989573,0.09502794641471035,0.005694035062824213,0.0043037705646485624,0.09362926666296878,0.07790261197068471,2.135854635369361,2.0770561724500087,0.07587572274000212,0.024641005934247607,-0.049186253327329954,-0.026486636767154792,480.125,506.0,63.78409452430687,63.67626454705604,0.27784567599588317,0.5102639117239811,1.67374999775,1.3474999985,0.45339788502169137,0.3555629331309251,-0.14189513882151394,-0.4030341510844194,677.3989979363254,703.6192395887317,70.97383793809253,53.51275457882024,0.20824025974237959,0.28354523199792503,6662.125,6699.25,540.459444097599,552.6815689587148,0.12728501123493863,0.3009061497250467,1.080455115595433,1.021009314891989,1.0188610680643013,0.9807536473085631
GENERAL ELECTRIC CO,1984-1,1984-04-11,CONGLOMERATES,28.15735843951794,0.03520036205139894,0.09220720036457543,2.110059104621591,485.0,1.069999997,353.88098495212034,6583.0,24.57862226172761,26.951565661656467,4.119694728760326,0.855656259079652,0.3313628220587681,0.08686107777208596,0.04183651465507365,0.0416190309555984,0.005065104908489907,0.004577173083475352,-0.08870167432150866,-0.22444904823689527,0.09419757166236786,0.0957773522782386,0.003048620775919918,0.003023467723086294,-0.015977619602478788,-0.07624770683753201,2.1174806894384153,2.0774722777833037,0.05803446278039004,0.025350451778451372,-0.02998868130336707,0.017534429481421032,493.625,521.0,48.41763993776294,41.40853374205209,0.024355573320447244,-0.09105273527164981,1.599999997875,1.1474999985,0.5013980448990317,0.08808140297474833,-0.31032312173132637,-0.0916610960481582,652.903009001011,633.3652434025194,130.3048339430291,188.36351837559275,-0.2956171529024466,-0.6032651279719892,6732.125,6820.5,478.57748663543055,412.1395394766195,-0.004228662121494975,-0.027861371470690233,1.0123357930587633,0.9978959576603718,0.9843700442231308,0.957118458854131
GENERAL ELECTRIC CO,1984-2,1984-07-12,CONGLOMERATES,23.598230972137788,0.04503002928852761,0.10474189675870348,2.04730740832128,579.0,1.279999997,-21.960248447205004,6664.0,25.39543883886912,26.238079731057475,2.8773192831067935,1.9283547746149898,0.0745950761386891,-0.13234371698208036,0.04228859043535741,0.04222826011196575,0.005181995799382711,0.004900781369769503,0.06464865672840103,0.07588081966621063,0.09543491068724198,0.09749822206577288,0.004834053804177493,0.005526021014201265,0.06600707423113583,0.08286340269184245,2.095201735420772,2.068616854116898,0.042850004019358005,0.02884757206021766,-0.034360141534847344,-0.0022244404939274487,507.875,535.5,55.103636125810375,50.55360191585429,0.15345632632752038,0.21928161168582272,1.503749997875,1.179999998,0.47593329324714345,0.11045361074526569,-0.22287719635485947,0.22392943359377604,568.4805806848365,450.8960926515171,271.83987588366966,363.8480055165314,(-1.0322233964494603+0.1411799243573508j),(-1.0048907476441817-0.008471023406720606j),6736.125,6805.5,477.75410217271514,417.8743830387309,0.02474017689664021,0.0238983975385203,1.02947401793506,0.9864455674628112,0.9625980205248815,0.9467934529109554
GENERAL ELECTRIC CO,1984-3,1984-10-11,CONGLOMERATES,26.65557879581152,0.037467902255013875,0.10278149635579355,1.9817252931447946,564.0,1.239999998,-824.1655011655012,6723.0,26.12656209567094,26.339635314841658,2.210587454898181,1.9398093178102105,0.11083313284343865,-0.014411615144493961,0.041927774830192596,0.04093862464413981,0.005430444690504141,0.005413033405904035,-0.15824950767936274,-0.24055736922104243,0.09657547165497382,0.09852580938215369,0.005398159526383377,0.006162364700003188,0.06036604161034109,0.12053411756690813,2.0708562658739798,2.0513657636337177,0.04532504878237133,0.05334272280441866,-0.03768760390371784,-0.05424175529038733,522.0,551.75,52.87991787328829,45.05829557362329,0.04293176568214818,-0.034392299857533226,1.409999997875,1.2149999980000001,0.43889471519130546,0.0981495464075102,-0.29744197412315465,-0.031371407418670394,384.70915666212375,68.34308945316508,558.1290009737355,676.3749561828674,(-1.233872299522128+1.024661494253091j),(-1.5516204981180204-0.9554347292368623j),6778.375,6849.5,456.7503029946606,389.9132382124687,-0.05770843173389961,-0.12450241002800844,0.9573937186800531,0.975824771559097,0.9723157104089786,0.9510119056871692
GENERAL ELECTRIC CO,1984-4,1985-01-17,CONGLOMERATES,22.78429655417417,0.04824532224532225,0.10643098909364422,1.9669135425117317,652.0,1.439999998,-1647.057132056133,7977.0,26.202474950169094,25.298866190410354,2.0609437768694687,2.5315915700715834,-0.12488520840790696,-0.2459647996469606,0.041627058679068456,0.04148590396006567,0.004921099113720742,0.00616178909858469,0.18593642717672942,0.5224537496860113,0.09828417102894475,0.10154039564317917,0.00613197348684992,0.006398342982831261,0.10612391475478922,0.21079610798575432,2.051778754799929,2.0265013371498495,0.05332315599093713,0.06575305440061163,-0.03891473483596042,-0.08941421404853178,538.0,570.0,70.12437929442635,68.47383928674269,0.27704132669753934,0.48368307604143457,1.302499998,1.2574999975,0.25766811403708567,0.15195942477078103,-0.1386993166127759,0.48583854359269174,84.39688270477599,-534.8254741791798,882.341712643461,889.495516621072,(-1.383659003038491+1.6809199214286419j),(-4.8854255030327876-6.729754380276643j),6843.0,6986.75,585.4209718533444,662.6564595122675,0.16589216563668008,0.2918764535373193,1.0591381355991267,0.9964040048455504,0.9835813420795232,1.1016580142836847
GENERAL ELECTRIC CO,1985-1,1985-04-12,CONGLOMERATES,30.427858898910618,0.03124592632290829,0.09667527437056166,1.9376078162627053,511.0,1.119999997,371.4158940397351,6196.0,26.409028483457494,25.866491305258524,2.409056674703044,3.467643907832697,0.08329958801569459,0.40342517089872687,0.0410581629917707,0.040497295027943005,0.005864064563308549,0.0076450997187195655,-0.1622458538319319,-0.38568908306176175,0.09921738321145716,0.10265741414467572,0.005021111176472204,0.004257790050242025,-0.006926778631913488,-0.10134435765720895,2.030430396421716,1.9833885150601278,0.06104697647612677,0.04638853423609807,-0.04043134584600838,-0.07079737852013657,548.75,576.5,55.36566754638783,58.175023277462756,-0.011013446731609977,-0.15344252556639615,1.208749998,1.2699999975,0.12287479134701075,0.13216151769709666,-0.014991215285932058,-0.16309260791069902,51.46174824762167,-530.441746907276,863.5756288768036,895.3591832289773,-0.3082795845033903,49.390691035070425,6855.25,6890.0,568.3821023622351,762.052054215021,-0.045655941822319024,-0.09252383387687801,1.1994150502195757,0.9871310605902123,0.978089622029404,1.0576912227465958
GENERAL ELECTRIC CO,1985-2,1985-07-11,CONGLOMERATES,26.831056909142987,0.03695797142749312,0.11646938477276049,1.925308075892165,590.0,1.299999997,47.81188118811883,6843.0,26.456388760283648,26.67469778950982,2.4137457808946468,3.1222990351786337,0.012603669988061172,0.00878717196580392,0.04035377033732507,0.03847928056268438,0.005990431903053512,0.007095403471524125,-0.07830334508510317,-0.018105119393007074,0.10154375410698144,0.10558928614818998,0.007828242460462277,0.008295145154822981,0.09939865792772329,0.18139680962704818,2.0107527680348736,1.952888681952849,0.06687409113061245,0.025964344433898806,-0.03542015436871371,-0.03777705936441278,557.375,579.25,55.79794543068512,58.591097162168474,0.10045494499058583,0.06193322819342595,1.22749999775,1.2749999975000001,0.12406795398950875,0.13304134728221395,0.1001642388128341,0.06503093484356581,-31.051310923463973,-512.998714498445,822.4487391273009,909.1408009009037,-0.7853010050529152,1.6177650847458325,6870.125,6934.75,566.0086918817716,749.5093395015168,0.025590119088382712,0.023869418999872938,0.5748349655487092,0.9908406908446358,1.1200476942298636,1.087326929405669
GENERAL ELECTRIC CO,1985-3,1985-10-10,CONGLOMERATES,27.271518918575698,0.03249235094286974,0.10889570552147239,1.920119027112227,575.0,1.259999998,-876.7560414269274,6520.0,26.584159067521263,26.828682820200868,2.4282313861883122,3.136199300677176,0.006856010905261556,0.27086163691562115,0.03908700868939408,0.03723539273464835,0.0064917123963541086,0.007738769578074465,-0.18073469490037652,-0.4096613311075342,0.10282182391088168,0.10711783843960969,0.008121411552872675,0.008167642184091713,0.08523213628517068,0.030995745330666624,1.9944264395392124,1.9374871154447073,0.07150318667288848,0.020943644026813132,-0.041079190559556444,-0.031594662954130937,566.875,582.0,50.6738520907409,57.89070161375947,-0.0039535564787059885,-0.15427922595182308,1.24749999775,1.2799999975,0.11297913873808738,0.1316561180753354,-0.004507058927874619,-0.1630926077584839,-228.90163005531826,-526.1463495638016,810.0880728472818,915.498802134009,(-1.2404413921377304+1.0534425695199936j),0.6679247932844523,6866.75,6884.0,568.286585146212,775.0634382638194,-0.07179638067357796,-0.235793598028733,0.6471624648967564,1.1304013900308092,1.0813847718290164,1.006710550051708
GENERAL ELECTRIC CO,1985-4,1986-01-16,CONGLOMERATES,28.004424599786503,0.040863825239484834,0.0950034380013752,1.9010357016583137,660.0,1.449999999,-1148.5471698113206,8726.0,26.716290511007152,28.133714831603953,2.4790468701534008,1.6041729355023544,-0.0031072780237878517,-0.104758210267203,0.038437961221627334,0.035390018483189,0.005930714098519491,0.004396628020348542,0.08899011079686758,0.43019136583463435,0.1029006731548608,0.10426095066654244,0.008030211343531143,0.010226938960482448,0.017217895536091543,-0.022991044024575857,1.973759496190601,1.9210176552313527,0.0716317307431151,0.015206655928512622,-0.05786789933340564,-0.025087002544352144,577.0,584.0,60.56873309366334,61.16098974564315,0.1925000289384724,0.4065787345216576,1.269999997625,1.28249999775,0.13405755745734207,0.13573872037238796,0.18965095457280623,0.41102044734684595,-468.1721665908891,-401.5188590025985,755.2082071300354,726.4589741224893,(-1.4360512216670582+1.9104652294316657j),(-3.2526193281411033-3.901651126452055j),7029.0,7071.25,861.216415476223,1134.347793521311,0.17472961186324332,0.5785986706671236,0.49817192770631574,0.9566378645372535,0.9707862754481246,0.9614037404228346
GENERAL ELECTRIC CO,1986-1,1986-04-10,CONGLOMERATES,39.29015202724289,0.028513928996643817,0.10034013605442177,1.9285408542144906,537.0,1.18,419.7694235588972,5880.0,28.107889709472772,30.34928811368702,5.120723214999617,5.980190812077014,0.33818673630092455,0.6628812578208849,0.03760215708978294,0.03470701915162288,0.006851792329327597,0.005361348347021792,-0.22980133324912944,-0.29238246783140087,0.10391729011609159,0.10517716608750746,0.00692127124070311,0.009455921267809907,-0.024234887074504496,-0.18024538139262514,1.9510697148897136,1.9187509147192991,0.04670005638516722,0.012309072308426844,-0.03357307677304122,0.0022394218128420906,583.5,590.5,51.37814988605843,51.42308171758411,-0.042118377559898446,-0.11794357978296266,1.283749998,1.2974999985,0.1148834814807719,0.11324751627887186,-0.045419422853376856,-0.12114301655961579,-459.936111765042,-389.430476622808,765.7398173922224,743.8032261979097,4.713586458758041,17.112009018621293,6941.125,6992.25,945.0143517428717,1223.14958883477,-0.06902401415439596,-0.18308968203483011,0.47761374066374945,1.014789724968408,0.9309457431594798,1.1339935743297118
GENERAL ELECTRIC CO,1986-2,1986-07-11,CONGLOMERATES,39.087478132692304,0.02378250033295047,0.09762363519588953,2.587417280523523,621.0,1.359999999,157.50276243093924,7785.0,30.044045604542085,33.41339341957435,6.0211221845437395,6.676104032140794,0.24451384888173155,0.6159866383363701,0.0349462159703358,0.03141315137798721,0.007634572197815931,0.007236763409260611,-0.22874332971709632,-0.3403678192749806,0.10302750742073985,0.10046572869328972,0.007249870730785013,0.006027558872533584,-0.028991840002106528,-0.13557836130806988,2.0185834489149936,2.0842782158771387,0.23129386480017192,0.33562335162305135,0.16462091174363835,0.48839349804223997,588.75,598.25,52.973713157700075,53.61203223158025,0.05655681333951623,0.10806441344649964,1.29374999825,1.312499999,0.11795126131766703,0.11757975993625212,0.05420270868931354,0.10719594060719873,-437.503235405274,-362.00775631210286,782.8413733285338,766.958665567679,0.5655421481727507,1.8260535801247184,7081.25,7227.75,980.4963393244115,1274.4437675577008,0.08742028906756305,0.2667221407867473,0.5145018776161407,0.9173779752139899,0.9903351177673388,0.5286680114350822
GENERAL ELECTRIC CO,1986-3,1986-10-08,CONGLOMERATES,34.471112139099326,0.02148398752371025,0.08040525975425739,2.55582823181823,604.0,1.319999997,-110.700109051254,9278.0,31.020987272453063,35.21329172470526,6.026836141506183,5.2961843501481765,0.26693430999429535,0.31918242075753334,0.03294822662892285,0.02866106052319734,0.008871655106245881,0.008645612389665353,-0.3701543955860549,-0.5756725139767782,0.10023047784554782,0.09334311725148597,0.01080372258446965,0.00889617759887366,-0.14805933376536184,-0.19944068251416525,2.0903463162491733,2.243205517053639,0.29774200801201367,0.37960889193360403,0.16144310097053638,0.4838449399102176,593.75,605.5,52.18579445459408,51.332251070842396,-0.0427563773962657,-0.1115001937463872,1.303749998125,1.32749999875,0.11612031952892655,0.11236102487814306,-0.048504943134643375,-0.11771701393471279,-348.3200613909931,-170.49377321818454,773.0780572285764,687.0604286206575,0.4572497451669093,1.359243943993194,7400.625,7917.25,1231.2001041376545,1491.4863671295602,0.09016982711815857,0.08522272472550818,0.542492864481877,1.0795278985592942,1.2181091998778795,0.6428485972095117
GENERAL ELECTRIC CO,1986-4,1987-01-16,CONGLOMERATES,34.22821173098039,0.03409542895041872,0.07865992826866645,2.289430059718033,730.0,1.599999998,-1072.1169317118802,12268.0,32.45147666955384,36.76923850750373,5.075601196663564,2.7968697870990438,0.06956534650817181,-0.16797955015147792,0.031179489967059906,0.026968961450930813,0.006472263394188704,0.005580081754994091,0.051135531341446994,0.2691670634657788,0.09675909524242561,0.08925723981830878,0.0128033547147842,0.01130615943824424,-0.11116368508653462,-0.2771661526077811,2.1306608808999608,2.3403041065685692,0.30046361739399097,0.3053155274678322,0.10003517662179306,0.25698872772941983,603.5,623.0,69.15200647848188,80.02083062136592,0.22607039423946818,0.5059068168243495,1.323749998125,1.3649999985,0.15136875513248146,0.17464249133587162,0.22607039524034178,0.500780920082277,-276.4525363479615,-151.38621369332444,652.4012984459933,650.9049023602956,(-1.4077989602852312+1.7866839846126625j),(-2.7456016461695176-3.0234707409414705j),7937.0,8802.75,2126.987205280881,2696.423727211038,0.47747910464679433,1.6660109058252424,0.5062762931417287,1.1283721351745812,0.5338273902948508,0.5181714057896373
GENERAL ELECTRIC CO,1987-1,1987-04-10,CONGLOMERATES,44.24454350213954,0.021615024664790598,0.07985568250150331,2.2720851717048265,319.0,2.579999998,662.1297071129707,8315.0,34.178562244957455,38.00783637622789,6.452584114811681,4.720738744630041,0.33084299135727435,0.1796760337357488,0.029975627259795194,0.025244235367967507,0.007300798914127519,0.005994189723527193,-0.2639889262664634,-0.11963189794104678,0.09465664625879332,0.08413612643007917,0.014131207845400246,0.009021145629192756,-0.19399181153090483,-0.23498878735992335,2.172470550330226,2.426190185941153,0.29293969497474015,0.1685743026122721,0.09925801981505988,-0.15910033904050513,579.5,568.5,120.26755886059097,175.45084781784328,-0.2962903176639934,-0.5885989044821253,1.50624999825,1.714999998,0.45207260780210956,0.5897739680250392,0.4794516410052243,1.3484125725523453,-240.11330971380704,-90.79614280480607,700.0031621363596,728.4541487353472,3.4898590722406233,5.7848439614368745,8201.875,9411.5,2007.8081466045078,2002.1013127878086,0.11776842223258188,0.09178766212527645,0.4354419610538409,0.47309515509460653,0.5277429948595412,0.4211785247073031
GENERAL ELECTRIC CO,1987-2,1987-07-09,CONGLOMERATES,40.53318068407984,0.02866044489984591,0.09728033472803348,2.396192350989203,679.0,0.739999998,338.0451552210725,9560.0,35.89132771682456,38.36926201407478,6.0282395992894635,4.883487362847723,0.2541331076364215,0.24110117241682416,0.028938436443839293,0.026463721509691368,0.0067345814351406665,0.006093060637003141,-0.0691961582666667,0.4685566863511592,0.09225801500320244,0.08405030131311515,0.011230684820054687,0.008850067055465413,-0.06242034823546949,0.28920148170492355,2.2313310847173558,2.3783839535575733,0.28333254300916905,0.13040429077695548,0.13492648067254498,-0.0824001105479697,590.625,583.0,125.38504980373742,183.45026573979118,0.09965953802159344,0.16889934214356206,1.4362499983750001,1.5599999977499999,0.5258988902118651,0.7685484154083375,-0.2622305445737626,-0.5377498602624198,-203.8341504596878,-45.660544607272755,724.1613735760419,754.1087375354372,0.6434870193016442,7.672537447454577,8541.5,9855.25,1974.6339986365647,1694.5129831311415,0.24444959960982215,0.04072990041698299,0.967730031523495,1.1155113071365244,0.9706721970624881,0.9732041025510753
GENERAL ELECTRIC CO,1987-3,1987-10-08,CONGLOMERATES,46.22555792432847,0.028602093419233542,0.09410888983411314,2.284111216307057,661.0,0.729999999,52.491405460060605,9404.0,38.260582592543656,41.30787346038206,5.879333898124602,5.276659629017372,0.3316024205340036,0.4927850226804169,0.02845215425338477,0.02824324798357219,0.0065799822531192,0.0051148212658900785,-0.18442825240102212,-0.20883169093443976,0.09040966304228254,0.08747620883307909,0.009119678274230672,0.009590143662223783,-0.005391451447958051,0.27009480292573795,2.2768301083667097,2.31045469967978,0.25391585157397295,0.05761706960848492,0.1106015378815548,-0.003096422973727142,601.375,597.25,127.52247701035745,187.78777915508772,0.0008655199642542133,-0.12399860220240821,1.3699999985,1.41249999825,0.5816970245018327,0.8786874678813091,-0.32440179028648697,-0.6487601067008615,-87.67821959881432,-4.8626659794441025,673.5629339498779,753.8314924081079,0.5053041688523241,1.6024243945281293,8902.0,9886.75,1809.1836359450715,1681.3251470194573,0.04368622041784609,-0.2984610245074538,0.8933919986409947,0.8701589942231668,0.7980750645859349,0.8438890072044013
GENERAL ELECTRIC CO,1987-4,1988-03-03,CONGLOMERATES,30.672715060919643,0.04205279920287928,0.09970089730807577,2.3616506422479944,460.0,0.439999999,-762.6381093057607,12036.0,38.5941189001853,40.41899929286687,5.257144183413856,6.912645546573887,-0.13193262381097526,-0.38644052267664,0.028600775998809072,0.03023259054668733,0.006905736995414485,0.008546148006017353,0.24859509954510783,1.4287653890806826,0.0909968454556201,0.09273645109293142,0.009596470505147227,0.008887222610339786,-0.0036453953434503195,0.344387053535401,2.3344069759404196,2.3285098453122703,0.20380843217574177,0.06009496941090295,0.12273736664253976,0.05290226741920301,576.375,529.75,133.83565348163822,172.02979393116763,-0.08464280895692944,0.629131714282521,1.2437499985,1.1224999985,0.665430848311292,0.9815761131720758,-0.4309070062013717,-0.9054247946022468,-39.43958703561934,72.50703962208576,596.0969935162595,609.9271612915624,(-1.3130017055423264+1.3713500742075733j),(-1.6036760010384805-1.0455975051086495j),9315.75,9828.75,2115.7060793705996,1572.2627801992896,0.5058239549714645,0.6374192835610328,1.2521225495441308,0.9171600476283248,1.0026084042545458,0.9770440581726395
GENERAL ELECTRIC CO,1988-1,1988-04-08,CONGLOMERATES,19.664651717957394,0.07094651583870905,0.19227062451811874,2.31379101090707,725.0,0.799999999,1155.7478753541075,10376.0,36.140931361524615,34.27402634682134,8.47819208867059,11.667895984141392,-0.3246739692559347,-0.6187872369398997,0.03390484935406723,0.04256546334016695,0.016483381289181993,0.019950540534174003,0.8674201244451163,2.3486070920811186,0.10248815651358223,0.12084018659708529,0.03733501828202219,0.04767531108081273,0.47300611399340386,1.4803740224294066,2.3825632455269923,2.3389363051128313,0.12416040203070845,0.049773728291614444,-0.0618732553789354,-0.04558643637027804,599.875,631.25,142.1794012607211,117.30409200023672,0.09251275981456941,0.09133389294789795,1.196249998375,0.67749999875,0.6839368701905691,0.16132265791987602,-0.26156052996228196,0.10954356038654844,52.557719438781945,195.91158168236996,720.8341893159923,791.8069041581327,2.1233039097359745,4.150521252004858,9877.75,10344.0,1609.191700379861,1205.839126915361,0.17841405060969606,0.1153968861359882,1.3102648085062178,1.0931662438275425,1.0574055557571342,1.0338655356572375
GENERAL ELECTRIC CO,1988-2,1988-07-08,CONGLOMERATES,20.256985658092724,0.07131456379938675,0.18205128205128204,2.2734084087910467,835.0,0.93,822.7093596059112,11700.0,33.78711980219967,29.204977590324557,10.01750147083433,12.422275496852604,-0.26197971272450393,-0.6671436253812102,0.039846357287371764,0.05322899306505215,0.02041192111094034,0.021388392314771753,0.9849541485732805,2.380963994816996,0.11304161237050629,0.14203292342789742,0.046557106353868026,0.052325930694215955,0.5951638692486267,1.4103722675246981,2.3433121365604324,2.308240319563292,0.0967581995895241,0.039492397477968844,-0.06472256481481486,-0.006242801866104819,626.625,670.25,165.01855956225046,157.51269790083592,0.20329237289514146,0.3655680737842959,1.1424999985,0.72499999925,0.6861226458336106,0.20728402447688377,-0.18136394621140595,0.3810628784615173,135.70854408565344,317.07763277857964,771.2717798819374,855.3407068428871,2.605065506155413,38.223316821587886,10367.125,10879.0,1471.2276154384037,1216.7338794220095,0.14172327199686685,0.3381279900071308,1.21624303360428,0.967287054213092,0.974502162585687,0.994375207612431
GENERAL ELECTRIC CO,1988-3,1988-10-11,CONGLOMERATES,19.222168071875,0.07154209369644897,0.19413919413919414,2.3280995604317845,815.0,0.899999999,538.287188306105,12012.0,31.881001793796624,22.45413012721119,11.244402013708603,5.495432972131903,-0.2808650808150064,-0.4637093811267753,0.0461036205589641,0.06396399313435601,0.021615939879274567,0.014609523606770944,0.5272957227181001,1.0309020672873963,0.12725835416862338,0.16704049950416766,0.052191555614349135,0.045206356764459096,0.675735728717298,1.4315630810435604,2.314846052637127,2.3192374055944738,0.044913937658692664,0.03654850929421301,0.009617029894226414,-0.01889717169732441,653.0,708.75,177.291527474625,172.59659131435166,0.06496207484830285,1.1438761985840808,1.08999999875,0.76749999925,0.68666897789047,0.22529610170099856,-0.2801982926013459,1.5964887462635033,216.83195625532332,438.52657849009074,775.7692390249078,839.5934699721759,0.6888868816232543,2.7705012243382403,10708.875,11531.0,1499.3641926306154,785.063054792416,-0.01197802605467202,-0.00265780662356907,1.2372992183749758,1.0074591180985717,0.9777379455103756,1.0586605477900284
GENERAL ELECTRIC CO,1988-4,1989-01-19,CONGLOMERATES,40.786261420429675,0.024523286718583358,0.16096824716997332,6.003735306247743,1011.0,1.119999997,-1516.681818181818,15326.004,32.700758004977786,24.9825167170887,11.670930242539884,10.54435544262608,-0.04544185318339822,1.645068068575906,0.04490710277998468,0.05958161501328203,0.022617322383651998,0.02337350701926227,0.07479934845530067,-0.7574152635325722,0.13754689403128675,0.18235733696964207,0.04927390907436836,0.015217010880960977,0.4926655446214121,-0.2109527014206587,2.779134208453341,3.2297585715944113,1.3036690449995418,1.8494628141647211,0.7423728792756175,2.5655774653052092,688.125,846.5,217.90917996790708,119.64809512343548,0.933139198507893,0.5579404929720131,1.029999998625,0.93749999875,0.6560270025932077,0.13375973391994075,-0.3792548666576038,0.5661645159307853,161.2613454465811,250.01565127107642,888.9561626349952,1204.5260994743255,(-1.3573200552312783+1.5655214510995843j),(-1.7183650145540106-1.2442447035875008j),11091.1255,12353.501,2186.1491503820794,2104.754204177771,0.4182486836658388,0.6821522287076567,1.1742326576857547,0.9704988797517756,1.0203930230118874,1.2815415426464687
GENERAL ELECTRIC CO,1989-1,1989-04-13,CONGLOMERATES,32.94695578808905,0.021496119731909725,0.2150749464668094,6.093634734956265,849.0,0.939999999,1307.3000785545955,11675.0,31.288559540721472,28.30309273462161,10.719284909571481,10.40189079470886,-0.11167054621266848,0.912731293830928,0.04489223966337457,0.0472190159865822,0.02263484784794514,0.027981964741682634,-0.15157098707522942,-0.7978955901927836,0.15444930202695,0.18805841745681473,0.049845788855715334,0.022633542120485125,0.5735992962470196,0.24890127519030703,3.2568279038597705,4.17471950260671,1.7237896678830413,2.1642953868958865,0.7046345255944606,2.723333531659368,754.375,877.5,163.40391453607924,90.08699499187809,0.13618810356529454,0.022417528148098498,0.8249999987500001,0.97249999875,0.20071301445454048,0.09979144807213361,0.14648722472127074,0.014362548404029507,241.9076418767842,287.90370207119844,966.7476014709864,1244.24098065241,1.165995097116677,0.8542649913683158,11511.1255,12678.251,1877.596236605806,1771.813941700426,0.12098403344430153,-0.0028479877646517826,1.2922138285303466,1.0514108200442984,1.0827651239795253,1.2673454751282245
GENERAL ELECTRIC CO,1989-2,1989-07-18,CONGLOMERATES,30.901399837465593,0.025708799504992115,0.22768222768222768,6.164310142412332,972.0,1.079999998,739.0896159317213,13431.0,30.084586934894695,30.96419627946483,10.05280312773446,8.912228840631647,-0.2055714332948846,0.8832199415125819,0.04452328398901785,0.03581757491298354,0.022958965097523733,0.023882305911009094,-0.05912116137668488,-0.7445180618508173,0.17074953864622427,0.19946615386455113,0.04980161720522751,0.029156168861065403,0.6567473144162153,0.23676697305663952,3.7278426277876617,5.147444936012032,1.9544117194944632,1.8807118801646885,0.763523604189148,2.6630589650233008,791.0,911.75,176.41428513586987,94.47883360838024,0.2465054295102358,0.26476995888574173,0.8674999987500001,1.00999999825,0.21558889405864248,0.10645812857645018,0.2508364016265756,0.27519028175968585,292.0381994656153,266.99876615265094,982.7112194673572,1232.9112465970663,3.5326057199159857,0.5260803825099569,11995.0005,13111.001,1800.139702833168,1661.1782685804678,0.22589903191849703,0.1605326611949618,1.315291317068595,1.0298211729777575,1.255929346580351,1.2231228456756984
GENERAL ELECTRIC CO,1989-3,1989-10-12,CONGLOMERATES,34.675121867324435,0.022680512720239354,0.22474275023386342,6.15802236959319,945.0,1.039999999,-617.2077087794432,12828.0,28.64078242776919,34.82743472832719,8.029209620599223,4.261485099629066,0.07259949025817347,-0.19461142707953238,0.04378308640164357,0.023602179668931137,0.023631207442215474,0.0018771648616323906,-0.2972902548704951,-0.0989153537954035,0.18707877119619307,0.20711704288821847,0.04186668415617537,0.031233699538887705,0.5911335836282698,0.5604887244382166,4.212081521948428,6.104925638302383,2.024266742767542,0.07463857358821974,0.7291919505406896,0.03441061186904126,826.5,944.25,175.08691719094426,69.03803299631298,0.5089360830330691,-0.08608135563902342,0.90624999875,1.04499999825,0.21520339178321518,0.07724420071004255,0.6348377776707699,-0.09408575274614595,208.3258101856773,-21.874958118736117,1033.2564837347663,1282.529011234735,0.1048780601135515,0.8605469638167935,12423.0005,13315.001,1473.511511614057,1525.8180415776978,0.03708725796507695,-0.2111882782832497,1.1732437107767342,1.2195606184215413,1.1704712749430868,1.1687402736957175
GENERAL ELECTRIC CO,1989-4,1990-01-24,CONGLOMERATES,34.597775708526925,0.024590535531966513,0.20288401253918495,6.1438008616562945,1173.0,1.259999998,-2259.2360867018165,15950.0,29.1314150087201,33.2803133003515,8.286897627374264,1.774969918086699,0.3810417612028716,0.06735899494680453,0.04160030344277948,0.023618991872276927,0.024600469042479697,0.0018884316480079512,-0.45417972298134335,0.1964022450002696,0.1999766606000817,0.21759598423052137,0.02253189198743343,0.011189374628434485,0.031179384757801243,-0.07485316069468351,4.684850299374466,6.13994202715452,1.9713285423325266,0.03204143015099978,0.7472308382240862,0.010991761267390432,915.625,984.75,139.7865081370261,136.14789752324492,0.31645408796006635,0.5388174263318588,1.008749998625,1.0799999985,0.14535056083851702,0.13366625058954365,0.29637828395665067,0.47794040284885586,21.251063011170345,-207.51352524873573,1327.6965994874151,1588.3043950866627,(-1.3263719913454157+1.4299291237896643j),(-2.0369355799387985-1.796025108629896j),12912.2505,13471.0,1911.3826263434842,1806.1105540174813,0.2785074735160791,0.5159041115063936,1.0011713345366677,0.9597483366247181,0.9738787050450105,0.9162657772770174
GENERAL ELECTRIC CO,1990-1,1990-04-17,CONGLOMERATES,36.851449422611516,0.021825817821455668,0.2296677660686992,6.188955454633298,950.0,1.059999999,74.50429799426911,12431.0,31.279764721801865,34.256436708982115,7.688254290398493,2.4686145215187665,0.4076760323657933,0.264644794377892,0.035460216190622805,0.023701416394663413,0.022247010289212124,0.0017682603609407578,-0.4916450858785235,-0.19613157330825304,0.20465130329390427,0.2212441891309938,0.024498290240826285,0.012406194730664918,0.14198590958295854,0.011644408674680307,5.169245854840244,6.163772207073778,1.7714502246187553,0.01885382897371388,0.7722993686055348,0.00533430221056963,943.75,1010.0,116.67874087179965,109.2977584399607,0.07651780456819468,-0.030063906994367895,1.0412499986250001,1.1099999985,0.11861552472920953,0.10132456062903347,0.07763140130024992,-0.02461483289133226,-113.90438415880945,-515.7124703888173,1248.3740712654578,1287.5118114114628,-0.7465088546684512,-0.9530849372108173,13169.1255,13660.0,1640.768205532919,1581.055132920207,0.03523779002569394,-0.0980198990162443,1.0704957138564084,1.0147229933942752,0.998521107450968,1.0196223949113843
GENERAL ELECTRIC CO,1990-2,1990-07-16,CONGLOMERATES,35.213366191208,0.023796801729669886,0.2320951174897988,6.443397573162027,1088.0,1.219999999,-417.03886489821116,14214.0,33.14931228844127,35.334428297417716,6.322010028895271,1.0477517411623243,0.41329078518953755,0.020750017288321265,0.029520495931908197,0.023223416950832854,0.01704098022030499,0.0012173484367694525,-0.46687071294742577,0.0661565158056936,0.21090678272371888,0.2223474115828866,0.024291436960799547,0.013331252877265984,0.1074289573146956,0.04385558152786051,5.690494500386617,6.233544064761203,1.364354278017002,0.1411665778266375,0.7891065980172605,0.06226178021739148,975.375,1039.0,117.2773726805693,111.22649564439821,0.17949981762251466,0.20669111727117628,1.0774999985,1.14499999875,0.12395275566578928,0.11120551510604142,0.18985930763292758,0.23718692593691104,-268.8729122218248,-804.7445905963004,1191.1331941558426,1012.276301561928,(-1.1923247391480916+0.8426297385367508j),0.454301476048784,13483.3755,13855.75,1557.8488197334354,1591.687652566713,0.10096114685965896,0.14659439154164033,1.0618479833779366,0.9840331932470443,0.9408417829966512,1.0753550403532681
GENERAL ELECTRIC CO,1990-3,1990-10-17,CONGLOMERATES,33.32101221911386,0.02210867400444245,0.2283274021352313,6.8495840266222965,1026.0,1.159999996,-1972.5376344086026,14050.0,34.91166780684613,34.995900885365074,2.9517944830054006,1.4667546072982516,-0.1090957692601735,-0.04889891756395881,0.023341318470407383,0.02308045727188363,0.0015319269320335893,0.001330660062177773,-0.057510364549739235,-0.13225335048856202,0.21518030872322352,0.22324357455822857,0.02392470070073077,0.013662321877736243,0.22110508639476278,0.17061372864768454,6.255680058660431,6.406434479018479,0.2705943846287255,0.3235332723159548,0.07822672475834747,0.15603084745736506,1001.75,1059.25,98.23841262095858,94.52821448294331,0.008451402702175814,-0.1635002833016641,1.109999998125,1.174999998,0.10309496275625832,0.08698658885138562,0.020254577877823587,-0.10439483179146714,-582.7260150611633,-1143.5770720035903,1275.8483956054918,1146.5092878559703,-0.1847599086800501,0.1726835201104251,13738.1255,14161.25,1445.445436931072,1438.5815641341533,-0.048459933575198066,-0.1555884160980897,1.107542841280444,0.9561077710113893,1.0211325402166849,1.003853240264217
GENERAL ELECTRIC CO,1990-4,1991-01-23,CONGLOMERATES,35.28729155105723,0.02213307337837267,0.20669534979666412,7.097970479704797,1239.0,1.419999998,-3028.5029002320184,16967.0,34.22429657317458,35.16827984599765,1.8064188748038486,1.4447207427316167,0.03999273222691335,-0.05618907040002008,0.023042541802881046,0.02246609173348517,0.0015012503437322583,0.0008980327451801483,0.016826036205809025,0.01881406212183423,0.22089619655155987,0.22419640887259837,0.011202136570059524,0.011771116082768306,-0.022453000144319835,-0.13109116480427507,6.392459455342562,6.644976883530605,0.37963467687636826,0.40647141890551325,0.09109253192742806,0.20048234080961014,1030.25,1075.75,129.42703404952593,122.59520110238138,0.24110287212109527,0.42494117102814766,1.14749999825,1.214999998,0.1507836668352568,0.15176736574990904,0.265835943160444,0.4767601750792936,-771.7036503174382,-1335.8937753861408,1522.1401595319958,1426.3891620294808,(-1.3596318399876692+1.5756500419062567j),(-70.88203770981322-121.03923984984058j),13943.25,14415.5,1780.5637750844132,1881.7177436232741,0.23814179275525382,0.5140213212868352,1.2075999733251497,1.0680098741761204,1.1429711772878348,1.092664769726503
GENERAL ELECTRIC CO,1991-1,1991-04-15,CONGLOMERATES,39.36520046044542,0.019157357411100733,0.2456046883324454,7.202607502287282,999.0,-0.92,847.4138613861383,13139.0,35.02657715721912,35.79671760545613,2.4637400219807493,2.547089896576246,0.14835654713883661,0.16021880168687308,0.022750196512779923,0.021798976630896437,0.001992693028803169,0.0019301977729012385,-0.1547169236067396,-0.2511019849736492,0.22471241428476435,0.2281806394385349,0.013828177843906464,0.01613030097420619,0.04424955195043112,0.07835278535506074,6.53108105125894,6.898389895444101,0.45074121254857863,0.3375306347056115,0.0930287407513466,0.1601115745467847,1049.0,1088.0,108.60939185908371,107.34057946554975,0.01577976271675019,-0.10755363736577106,0.914999998375,0.7199999982499999,0.7519688436583374,1.0989692128960362,(-1.2030387427798208+0.8895708555187641j),(-1.3431947748159994-0.5944307868734701j),-829.1894274634953,-1142.6663845381736,1438.810160825817,1706.0695899994646,0.08128948291347737,5.417377096736846,14126.25,14592.5,1577.8285032646247,1652.11793364356,-0.012481769117534403,-0.09954640693666539,1.1527772259382814,1.0701878371391844,0.9830782985832562,1.0498942738006904
GENERAL ELECTRIC CO,1991-2,1991-07-17,CONGLOMERATES,40.3770890863671,0.019484762109528556,0.22402575166084515,7.0769403420568295,1131.0,1.299999997,309.1858513189445,14601.0,36.21103831333181,37.0876483292459,2.474943243597297,3.338487497847994,0.09089047192790933,0.29188074993983304,0.021972191838346977,0.0207209667258611,0.001884643904909201,0.0016220206155432972,-0.08312559091507699,-0.1550262530400789,0.22425535478209155,0.2261632979812965,0.013776325470118273,0.015981459219633537,-0.0018242812801304575,-0.025040571115184762,6.645159826214502,7.0567755876678016,0.4600470807334607,0.1486594842131578,0.08272141588456461,0.044500011590381305,1068.875,1098.75,107.04263169410588,109.47259931142587,0.10812569805013372,0.13872885465857432,0.94249999825,0.73999999775,0.7628096553391098,1.1117553673598042,0.13599690972384892,0.16407372001857845,-882.9273980400925,-961.1102054838846,1378.6390656734193,1842.236808036734,0.6884487281538327,1.7865390039543985,14272.5,14689.25,1558.282112730921,1633.794025165555,0.07678203164920272,0.05262828484586901,1.1614481924367375,0.9186035053539867,0.9559862850778931,0.9874394442128674
GENERAL ELECTRIC CO,1991-3,1991-10-15,CONGLOMERATES,43.122976801254616,0.017123238039187857,0.21630510846745976,8.091334447362138,1042.0,1.199999999,-603.9855737704916,14290.0,37.26702018007308,39.53813947478109,3.3673321598181074,3.2483078200485154,0.134130875101925,0.30653347925173025,0.02127753250321554,0.019474607734547456,0.0025075144288931876,0.0020572740785412143,-0.1868294134487034,-0.28978109735413515,0.2232006495612911,0.22315772456435362,0.014053874105054473,0.016558862519403687,0.03728128739262826,0.06246531312678538,6.886823835935621,7.367213192852762,0.6401349634359229,0.4858657534378697,0.17039688035370215,0.1908250226577921,1081.0,1102.75,95.922587835936,106.17085287403506,-0.06543123706104081,-0.20616809425167504,0.96249999825,0.7499999985,0.7678122903223158,1.1169601594088603,-0.027495030406036625,-0.20104214809018706,-881.2746311639735,-618.9721903243568,1379.0110042431263,1714.4317079411549,0.36901289733098874,1.1905112414602437,14455.25,14749.25,1446.387001166305,1606.6744899532905,-0.06086809487111544,-0.2046293544510731,1.2422796156878364,1.040695228687921,1.067966076876811,1.1032915936884713
GENERAL ELECTRIC CO,1991-4,1992-01-22,CONGLOMERATES,40.670361551191036,0.019574302340763173,0.19978096720272062,7.7599501913941795,1263.0,1.43,-920.9588888888889,17349.0,38.0260934104061,40.88390697481454,3.3641133454922767,1.5939854855531623,0.05796316733037288,0.04444943944022928,0.020650503354315123,0.01883491497514508,0.0021644227131025974,0.0011551049060720274,-0.06031901696537567,0.029123717150627115,0.22281276889423304,0.22142912891586775,0.014721664366884359,0.01902716140940351,-0.07657352244875604,-0.24068272915930833,7.088842502152856,7.532708120775108,0.6270319609283652,0.47623279246575795,0.13798894703848497,0.10448268757734347,1092.25,1108.75,112.15773331722224,116.60295879607858,0.17672272357554708,0.3670481655361979,0.9837499985,0.752499999,0.7794858647934914,1.1189690189068389,0.18659620703375546,4.424335798443421,-713.9899814373575,-92.08618748857441,1264.3814571252622,815.0154452047292,(-1.9362774010003267+4.102099319605928j),(-1.5586797260006844-0.9676616705918434j),14630.125,14844.75,1712.9385309211436,1784.004180675221,0.20983122418362155,0.448603441105466,1.278707341201443,1.0262044520212439,1.0329012660808325,1.105187983344073
GENERAL ELECTRIC CO,1992-1,1992-04-13,CONGLOMERATES,88.85692350813238,0.006931038058491569,0.11769017755334744,8.512288822031937,964.0,1.219999999,-4032.8169014084506,12278.0,44.526777671096205,53.25683773673629,18.219076122403823,23.76530070260999,0.6970904450553483,1.8624749100345124,0.018788655883944613,0.01577833513699279,0.005235914924145094,0.006006396516115963,-0.505832579998208,-0.7479591700839677,0.20881557032981407,0.18945050122109325,0.03955734985862762,0.04889744524214384,-0.3216232120861219,-0.5761068812598384,7.379259173077686,7.860128450711271,0.6859666324095449,0.6061321803000712,0.17247521118042441,0.2791881325878236,1094.0,1100.0,109.70349649330755,128.30952160043825,-0.06680937986299251,-0.19186129883946945,1.0037499985,1.28749999875,0.7837626730850535,0.10436314840498055,0.0,-0.08119791506759022,-1227.4051313626976,-1312.1438781872216,1667.9650240637943,1887.2630686641608,(-1.7128073803737394+3.1230131870289366j),(-16.35165473995546-26.589845989858404j),14611.0,14629.5,1741.6135375810886,2084.9704234512938,-0.08026310116952251,-0.2062933163301357,1.283312401519785,1.006525808815581,1.0330773772468198,1.0979936310778677
GENERAL ELECTRIC CO,1992-2,1992-07-15,CONGLOMERATES,82.93834318963258,0.007843041496972611,0.12264016018306637,8.542549355449383,1130.0,1.409999996,-2203.5827464788736,13984.0,50.492399795899274,63.897151262552654,22.128012940230942,25.538254347803854,0.6838637750681795,1.391821856992133,0.016794435854857452,0.012867904983853802,0.006033398437638979,0.006418184241456236,-0.44688878199678217,-0.6469267420390059,0.1951337006664725,0.16410410335164854,0.048314746392755514,0.05122269887607282,-0.2989371461678876,-0.5307316719050972,7.6416531458636054,8.22653070405941,0.6782807977343158,0.3730508868941082,0.1345230234979362,0.07503629081142194,1099.25,1099.75,110.37824578628319,128.22993670226413,0.056721682596727385,0.11416017985670823,1.027499998125,1.3149999985,0.794062789164056,0.12179217224436059,0.11798230002838972,0.23989189470072203,-1450.7231165602802,-1940.3360276366761,1663.5595708698859,1556.99896474295,-0.06871285294172536,(-1.9736163241925442-1.686352940579936j),14582.25,14475.25,1750.9765234617755,2110.4494584487607,-0.002686998891070713,-0.028449047251966397,0.5758349056648981,1.0263794213707078,1.0699841501187426,1.1762221969597135
GENERAL ELECTRIC CO,1992-3,1992-10-16,CONGLOMERATES,97.10733829765775,0.005873807663869232,0.09626395648439737,8.84859263162517,996.0,1.289999999,-3423.1777625257378,13972.0,58.465690555717266,77.39324163665344,26.178103479999542,25.16200629397425,0.783278900983418,2.191283274906047,0.0147650775622858,0.010055547390024146,0.006685655318765893,0.006396649743919151,-0.5314160302909022,-0.7991009393928212,0.17862576996011828,0.13409381535588294,0.05711331258466995,0.045262809199756136,-0.3538077946767837,-0.622242761720889,7.891529221488964,8.415845250125168,0.7121676058044747,0.46289808710304725,0.13424945375149,0.19129784818345574,1095.5,1088.25,113.68251530342863,136.9047722567284,-0.11728250817874208,-0.2714243532521323,1.0437499985,1.3374999985,0.7984795813535693,0.09979144878194729,-0.05338755616551172,-0.12835783648033983,-1632.0531325749223,-2645.134074825488,1801.87424099464,1378.2553288521024,-0.07668850698522012,(-2.027986442055971-1.7805247471328987j),14572.5,14395.75,1754.5771163282784,2125.6883394953898,-0.10504332865186017,-0.2507176430006093,0.5634645864456181,1.0424840247574347,1.0628377460012255,1.1259757826439218
GENERAL ELECTRIC CO,1992-4,1993-01-21,CONGLOMERATES,78.83104536397406,0.008266629525706542,0.1094139650872818,8.221833837759496,1215.0,1.529999997,-4519.957020057306,16040.0,63.90865978233187,86.93341258984918,25.17809109041011,7.93342281608313,0.48707948347514973,-0.147538676227997,0.013031772080702534,0.007228629186259989,0.006288238348442421,0.0010612962246087047,-0.3813792275722635,0.26485358223775846,0.1664655968714455,0.11150206482702324,0.06053679809591972,0.011531262053778236,-0.3700081710962225,-0.09264608297224386,8.032012141245803,8.531316161716497,0.6405088321261516,0.2562107800857512,0.0785619928929191,-0.04523506723919557,1092.5,1076.25,109.59796661304573,117.16192498703094,0.11834961897588525,0.36144152268031227,1.057499998375,1.36249999775,0.8067881640727367,0.13647343947327875,1.0998848021238143,0.35241132708151746,-1818.484897553083,-3544.883607617592,2029.7472730903296,1000.4577904901695,(-1.579190704948211+2.537600281873411j),-0.15772446658893868,14456.625,14068.5,1597.421845841426,1539.3889480353344,0.12075257048163457,0.4281340697797875,0.5801634385946229,1.0195242524205843,1.099289365014595,1.1570043833921682
